,experience_level,salary_in_usd,remote_ratio,company_size,company_continent,employee_continent
0,EN,75000,100,M,NAM,NAM
1,EN,60000,100,M,NAM,NAM
2,MI,185700,0,M,NAM,NAM
3,MI,165000,0,M,NAM,NAM
4,SE,160000,100,M,NAM,NAM
5,SE,130000,100,M,NAM,NAM
6,SE,169000,0,M,NAM,NAM
7,SE,110600,0,M,NAM,NAM
8,SE,193000,100,M,NAM,NAM
9,SE,136850,100,M,NAM,NAM
10,SE,139500,0,M,NAM,NAM
11,SE,109400,0,M,NAM,NAM
12,SE,276000,100,M,NAM,NAM
13,SE,178500,100,M,NAM,NAM
14,MI,59188,0,M,EU,EU
15,MI,48426,0,M,EU,EU
16,MI,75330,100,M,EU,EU
17,MI,48426,100,M,EU,EU
18,SE,195940,0,M,EU,EU
19,SE,101378,0,M,EU,EU
20,SE,137158,0,M,EU,EU
21,SE,101378,0,M,EU,EU
22,SE,252000,0,M,NAM,NAM
23,SE,129000,0,M,NAM,NAM
24,SE,130000,100,L,NAM,NAM
25,MI,150000,100,M,NAM,NAM
26,SE,163800,0,M,NAM,NAM
27,SE,126000,0,M,NAM,NAM
28,SE,260000,100,M,NAM,NAM
29,SE,110000,100,M,NAM,NAM
30,SE,170000,100,M,NAM,NAM
31,SE,130000,100,M,NAM,NAM
32,SE,247500,0,M,NAM,NAM
33,SE,172200,0,M,NAM,NAM
34,SE,239748,0,M,NAM,NAM
35,SE,159832,0,M,NAM,NAM
36,SE,163800,0,M,NAM,NAM
37,SE,126000,0,M,NAM,NAM
38,MI,128750,0,M,NAM,NAM
39,MI,106250,0,M,NAM,NAM
40,SE,252000,0,M,NAM,NAM
41,SE,129000,0,M,NAM,NAM
42,SE,299500,0,M,NAM,NAM
43,SE,245100,0,M,NAM,NAM
44,MI,155000,0,M,NAM,NAM
45,MI,140000,0,M,NAM,NAM
46,EX,167500,0,M,NAM,NAM
47,EX,106500,0,M,NAM,NAM
48,SE,188500,100,M,NAM,NAM
49,SE,117000,100,M,NAM,NAM
50,SE,250000,100,M,NAM,NAM
51,SE,138000,100,M,NAM,NAM
52,MI,130000,100,M,NAM,NAM
53,MI,100000,100,M,NAM,NAM
54,SE,5000,0,M,AF,AF
55,SE,123757,0,L,EU,EU
56,SE,140000,0,M,NAM,NAM
57,SE,120000,0,M,NAM,NAM
58,SE,160000,0,M,NAM,NAM
59,SE,135000,0,M,NAM,NAM
60,MI,104500,0,M,NAM,NAM
61,MI,70000,0,M,NAM,NAM
62,MI,90000,0,M,NAM,NAM
63,MI,70000,0,M,NAM,NAM
64,SE,153600,100,M,NAM,NAM
65,SE,106800,100,M,NAM,NAM
66,EN,125000,0,M,NAM,NAM
67,EN,90000,0,M,NAM,NAM
68,MI,185000,100,M,NAM,NAM
69,MI,125000,100,M,NAM,NAM
70,SE,127000,100,M,NAM,NAM
71,SE,94000,100,M,NAM,NAM
72,SE,210550,0,M,NAM,NAM
73,SE,153300,0,M,NAM,NAM
74,MI,200000,100,M,NAM,NAM
75,MI,150000,100,M,NAM,NAM
76,SE,161500,100,M,NAM,NAM
77,SE,119500,100,M,NAM,NAM
78,SE,175000,0,M,NAM,NAM
79,SE,145000,0,M,NAM,NAM
80,SE,175000,0,M,NAM,NAM
81,SE,148750,0,M,NAM,NAM
82,SE,105000,0,M,NAM,NAM
83,SE,85000,0,M,NAM,NAM
84,SE,215000,0,M,NAM,NAM
85,SE,146300,0,M,NAM,NAM
86,EN,215229,100,L,EU,EU
87,MI,72000,100,M,NAM,NAM
88,MI,60000,100,M,NAM,NAM
89,SE,153400,0,M,NAM,NAM
90,SE,122700,0,M,NAM,NAM
91,MI,260000,0,M,NAM,NAM
92,MI,175000,0,M,NAM,NAM
93,SE,186300,100,M,NAM,NAM
94,SE,123900,100,M,NAM,NAM
95,MI,340000,100,M,NAM,NAM
96,MI,150000,100,M,NAM,NAM
97,SE,153400,0,M,NAM,NAM
98,SE,122700,0,M,NAM,NAM
99,MI,250000,0,M,NAM,NAM
100,MI,175000,0,M,NAM,NAM
101,MI,12000,50,L,AF,AF
102,MI,64568,50,M,EU,EU
103,SE,185900,0,M,NAM,NAM
104,SE,121700,0,M,NAM,NAM
105,SE,153600,0,M,NAM,NAM
106,SE,106800,0,M,NAM,NAM
107,SE,50000,50,M,OC,AF
108,EN,100000,100,L,NAM,AS
109,SE,247500,0,M,NAM,NAM
110,SE,172200,0,M,NAM,NAM
111,EX,310000,100,M,NAM,NAM
112,EX,239000,100,M,NAM,NAM
113,SE,125000,0,M,NAM,NAM
114,SE,110000,0,M,NAM,NAM
115,EN,150000,0,M,NAM,NAM
116,EN,100000,0,M,NAM,NAM
117,SE,149076,0,M,NAM,NAM
118,SE,82365,0,M,NAM,NAM
119,MI,146000,0,M,NAM,NAM
120,MI,75000,0,M,NAM,NAM
121,SE,139500,0,M,NAM,NAM
122,SE,109400,0,M,NAM,NAM
123,SE,139500,0,M,NAM,NAM
124,SE,109400,0,M,NAM,NAM
125,MI,149600,0,M,NAM,NAM
126,MI,102000,0,M,NAM,NAM
127,MI,97361,0,M,EU,EU
128,MI,48680,0,M,EU,EU
129,SE,252000,0,M,NAM,NAM
130,SE,129000,0,M,NAM,NAM
131,SE,95000,0,M,NAM,NAM
132,SE,85500,0,M,NAM,NAM
133,SE,185900,0,M,NAM,NAM
134,SE,121700,0,M,NAM,NAM
135,EN,150000,0,M,NAM,NAM
136,EN,100000,0,M,NAM,NAM
137,MI,145000,0,M,NAM,NAM
138,MI,125000,0,M,NAM,NAM
139,MI,150000,100,M,NAM,NAM
140,MI,97750,100,M,NAM,NAM
141,SE,201000,0,M,NAM,NAM
142,SE,122000,0,M,NAM,NAM
143,SE,252000,0,M,NAM,NAM
144,SE,129000,0,M,NAM,NAM
145,SE,120000,100,M,NAM,NAM
146,SE,75000,100,M,NAM,NAM
147,MI,116990,100,M,NAM,NAM
148,MI,82920,100,M,NAM,NAM
149,SE,185900,0,M,NAM,NAM
150,SE,129300,0,M,NAM,NAM
151,MI,200000,0,S,NAM,NAM
152,MI,125000,0,S,NAM,NAM
153,SE,201000,0,M,NAM,NAM
154,SE,122000,0,M,NAM,NAM
155,SE,204500,0,M,NAM,NAM
156,SE,142200,0,M,NAM,NAM
157,SE,155000,0,M,NAM,NAM
158,SE,140000,0,M,NAM,NAM
159,MI,205920,0,M,NAM,NAM
160,MI,171600,0,M,NAM,NAM
161,SE,121500,100,M,NAM,NAM
162,SE,78000,100,M,NAM,NAM
163,MI,154000,0,M,NAM,NAM
164,MI,116000,0,M,NAM,NAM
165,SE,190000,0,M,NAM,NAM
166,SE,136000,0,M,NAM,NAM
167,MI,79106,100,M,EU,EU
168,MI,43873,100,M,EU,EU
169,SE,180000,0,M,NAM,NAM
170,SE,110000,0,M,NAM,NAM
171,SE,275300,100,M,NAM,NAM
172,SE,183000,100,M,NAM,NAM
173,SE,170000,0,M,NAM,NAM
174,SE,140000,0,M,NAM,NAM
175,SE,154000,0,M,NAM,NAM
176,SE,116000,0,M,NAM,NAM
177,SE,160000,100,M,NAM,NAM
178,SE,130000,100,M,NAM,NAM
179,MI,200000,0,M,NAM,NAM
180,MI,120000,0,M,NAM,NAM
181,SE,175000,100,M,NAM,NAM
182,SE,160000,100,M,NAM,NAM
183,MI,127787,0,M,EU,EU
184,MI,103446,0,M,EU,EU
185,SE,153600,0,M,NAM,NAM
186,SE,106800,0,M,NAM,NAM
187,EN,85000,100,M,NAM,NAM
188,EN,75000,100,M,NAM,NAM
189,SE,225000,0,M,NAM,NAM
190,SE,156400,0,M,NAM,NAM
191,SE,150000,0,M,NAM,NAM
192,SE,120000,0,M,NAM,NAM
193,SE,163800,0,M,NAM,NAM
194,SE,126000,0,M,NAM,NAM
195,SE,145000,100,M,NAM,NAM
196,SE,90000,100,M,NAM,NAM
197,SE,204500,0,M,NAM,NAM
198,SE,142200,0,M,NAM,NAM
199,SE,95000,0,M,NAM,NAM
200,SE,85500,0,M,NAM,NAM
201,SE,167500,0,M,NAM,NAM
202,SE,106500,0,M,NAM,NAM
203,SE,163800,0,M,NAM,NAM
204,SE,126000,0,M,NAM,NAM
205,MI,155000,0,M,NAM,NAM
206,MI,140000,0,M,NAM,NAM
207,SE,250000,0,M,NAM,NAM
208,SE,200000,0,M,NAM,NAM
209,SE,260000,0,M,NAM,NAM
210,SE,186000,0,M,NAM,NAM
211,SE,160000,100,M,NAM,NAM
212,SE,130000,100,M,NAM,NAM
213,SE,200000,0,M,NAM,NAM
214,SE,150000,0,M,NAM,NAM
215,SE,48426,0,M,EU,EU
216,SE,38741,0,M,EU,EU
217,SE,150000,0,M,NAM,NAM
218,SE,120000,0,M,NAM,NAM
219,EN,30000,50,M,AS,AS
220,MI,185000,0,M,NAM,NAM
221,MI,125000,0,M,NAM,NAM
222,EN,34320,100,S,NAM,NAM
223,MI,9289,100,M,SA,SA
224,SE,75330,100,L,EU,EU
225,EX,106000,0,L,AS,AS
226,EX,106000,0,L,EU,AS
227,SE,175000,100,M,NAM,NAM
228,SE,130000,100,M,NAM,NAM
229,SE,122000,100,M,NAM,NAM
230,SE,93800,100,M,NAM,NAM
231,SE,150000,100,M,NAM,NAM
232,SE,90000,100,M,NAM,NAM
233,SE,165000,100,M,NAM,NAM
234,SE,112000,100,M,NAM,NAM
235,EN,220000,0,M,NAM,NAM
236,SE,72101,100,M,EU,EU
237,EN,64568,0,M,EU,EU
238,SE,204500,0,M,NAM,NAM
239,SE,142200,0,M,NAM,NAM
240,SE,15827,100,S,AS,AS
241,MI,200000,0,M,NAM,NAM
242,MI,175000,0,M,NAM,NAM
243,SE,185900,0,M,NAM,NAM
244,SE,129300,0,M,NAM,NAM
245,SE,185900,0,M,NAM,NAM
246,SE,121700,0,M,NAM,NAM
247,SE,204500,0,M,NAM,NAM
248,SE,142200,0,M,NAM,NAM
249,MI,40000,50,L,EU,EU
250,SE,29865,50,M,AS,AS
251,SE,180180,0,M,NAM,NAM
252,SE,106020,0,M,NAM,NAM
253,SE,136000,100,M,NAM,NAM
254,SE,104000,100,M,NAM,NAM
255,SE,125000,0,M,NAM,NAM
256,SE,110000,0,M,NAM,NAM
257,SE,153400,0,M,NAM,NAM
258,SE,122700,0,M,NAM,NAM
259,EX,310000,100,M,NAM,NAM
260,EX,239000,100,M,NAM,NAM
261,SE,152380,0,M,NAM,NAM
262,SE,121904,0,M,NAM,NAM
263,SE,185900,0,M,NAM,NAM
264,SE,129300,0,M,NAM,NAM
265,SE,247500,0,M,NAM,NAM
266,SE,172200,0,M,NAM,NAM
267,SE,168400,0,M,NAM,NAM
268,SE,105200,0,M,NAM,NAM
269,SE,128280,0,M,NAM,NAM
270,SE,106900,0,M,NAM,NAM
271,SE,192000,100,L,NAM,NAM
272,MI,140000,0,M,NAM,NAM
273,MI,100000,0,M,NAM,NAM
274,SE,107614,100,S,EU,EU
275,SE,86091,100,S,EU,EU
276,SE,275000,0,M,EU,EU
277,SE,174000,0,M,EU,EU
278,SE,139500,0,M,NAM,NAM
279,SE,109400,0,M,NAM,NAM
280,SE,139500,0,M,NAM,NAM
281,SE,109400,0,M,NAM,NAM
282,SE,170500,100,M,NAM,NAM
283,SE,85000,100,M,NAM,NAM
284,SE,73054,0,M,EU,EU
285,SE,54445,0,M,EU,EU
286,EX,160524,0,M,EU,EU
287,EX,127654,0,M,EU,EU
288,SE,80000,0,M,NAM,NAM
289,SE,65000,0,M,NAM,NAM
290,SE,124740,0,M,NAM,NAM
291,SE,65488,0,M,NAM,NAM
292,SE,72200,0,M,NAM,NAM
293,SE,64980,0,M,NAM,NAM
294,SE,153600,0,M,NAM,NAM
295,SE,106800,0,M,NAM,NAM
296,SE,179975,100,M,NAM,NAM
297,SE,86466,100,M,NAM,NAM
298,SE,120000,0,M,NAM,NAM
299,SE,90000,0,M,NAM,NAM
300,MI,51114,0,M,EU,EU
301,MI,42595,0,M,EU,EU
302,SE,149076,0,M,NAM,NAM
303,SE,82365,0,M,NAM,NAM
304,SE,169000,0,M,NAM,NAM
305,SE,110600,0,M,NAM,NAM
306,SE,175000,0,M,NAM,NAM
307,SE,120000,0,M,NAM,NAM
308,SE,230000,0,M,NAM,NAM
309,SE,180000,0,M,NAM,NAM
310,SE,153600,0,M,NAM,NAM
311,SE,106800,0,M,NAM,NAM
312,SE,140000,0,M,NAM,NAM
313,SE,120000,0,M,NAM,NAM
314,SE,205920,0,M,NAM,NAM
315,SE,171600,0,M,NAM,NAM
316,SE,165000,100,M,NAM,NAM
317,SE,125000,100,M,NAM,NAM
318,SE,265000,0,M,NAM,NAM
319,SE,185000,0,M,NAM,NAM
320,MI,130000,0,M,NAM,NAM
321,EN,168000,100,M,NAM,NAM
322,MI,38741,50,L,EU,EU
323,SE,95000,0,M,NAM,NAM
324,SE,85500,0,M,NAM,NAM
325,SE,147100,0,M,NAM,NAM
326,SE,90700,0,M,NAM,NAM
327,SE,167580,0,M,NAM,NAM
328,SE,87980,0,M,NAM,NAM
329,SE,202000,100,M,NAM,NAM
330,SE,135000,100,M,NAM,NAM
331,SE,163800,0,M,NAM,NAM
332,SE,126000,0,M,NAM,NAM
333,SE,163800,0,M,NAM,NAM
334,SE,126000,0,M,NAM,NAM
335,SE,104000,100,M,NAM,NAM
336,SE,65000,100,M,NAM,NAM
337,SE,230000,0,M,NAM,NAM
338,SE,148000,0,M,NAM,NAM
339,SE,269000,100,M,NAM,NAM
340,SE,158000,100,M,NAM,NAM
341,SE,197000,0,M,NAM,NAM
342,SE,106000,0,M,NAM,NAM
343,MI,150000,100,M,NAM,NAM
344,MI,100000,100,M,NAM,NAM
345,SE,290000,100,M,NAM,NAM
346,SE,210000,100,M,NAM,NAM
347,SE,192000,0,M,NAM,NAM
348,SE,172800,0,M,NAM,NAM
349,SE,300240,0,M,NAM,NAM
350,SE,200160,0,M,NAM,NAM
351,SE,300240,0,M,NAM,NAM
352,SE,200160,0,M,NAM,NAM
353,SE,175000,0,M,NAM,NAM
354,SE,140000,0,M,NAM,NAM
355,SE,169000,0,M,NAM,NAM
356,SE,100000,0,M,NAM,NAM
357,SE,370000,0,M,NAM,NAM
358,SE,245000,0,M,NAM,NAM
359,MI,115617,100,L,EU,EU
360,SE,110000,100,S,NAM,NAM
361,SE,80000,100,S,NAM,NAM
362,EN,55000,0,M,NAM,NAM
363,EN,48000,0,M,NAM,NAM
364,SE,95000,0,M,NAM,NAM
365,SE,85000,0,M,NAM,NAM
366,SE,137500,100,M,NAM,NAM
367,SE,81500,100,M,NAM,NAM
368,SE,323300,0,M,NAM,NAM
369,SE,184700,0,M,NAM,NAM
370,MI,30000,0,S,AF,AF
371,SE,186000,100,M,NAM,NAM
372,SE,153088,100,M,NAM,NAM
373,MI,190000,100,M,NAM,NAM
374,MI,160000,100,M,NAM,NAM
375,SE,200000,100,M,NAM,NAM
376,SE,150000,100,M,NAM,NAM
377,MI,190000,0,M,NAM,NAM
378,MI,183310,0,M,NAM,NAM
379,SE,240000,100,M,NAM,NAM
380,SE,180000,100,M,NAM,NAM
381,SE,200000,100,M,NAM,NAM
382,SE,150000,100,M,NAM,NAM
383,SE,299500,0,M,NAM,NAM
384,SE,245100,0,M,NAM,NAM
385,SE,144000,100,M,NAM,NAM
386,SE,66000,100,M,NAM,NAM
387,MI,148500,0,M,NAM,NAM
388,MI,126277,0,M,NAM,NAM
389,SE,228000,0,M,NAM,NAM
390,SE,120000,0,M,NAM,NAM
391,SE,180000,0,M,NAM,NAM
392,SE,90000,0,M,NAM,NAM
393,SE,126500,0,M,NAM,NAM
394,SE,78000,0,M,NAM,NAM
395,SE,180000,0,M,NAM,NAM
396,SE,160000,0,M,NAM,NAM
397,SE,272000,0,M,NAM,NAM
398,SE,170000,0,M,NAM,NAM
399,MI,80000,0,M,NAM,NAM
400,MI,60000,0,M,NAM,NAM
401,SE,259000,100,M,NAM,NAM
402,SE,146000,100,M,NAM,NAM
403,SE,200000,0,M,NAM,NAM
404,SE,160000,0,M,NAM,NAM
405,EX,310000,100,M,NAM,NAM
406,EX,239000,100,M,NAM,NAM
407,SE,142000,100,M,NAM,NAM
408,SE,95000,100,M,NAM,NAM
409,SE,155000,0,M,NAM,NAM
410,SE,139500,0,M,NAM,NAM
411,MI,140000,100,M,NAM,NAM
412,MI,120000,100,M,NAM,NAM
413,SE,259000,100,M,NAM,NAM
414,SE,146000,100,M,NAM,NAM
415,MI,109532,0,M,EU,EU
416,MI,73021,0,M,EU,EU
417,EN,17794,100,L,AS,EU
418,EN,19539,100,L,SA,SA
419,SE,247500,0,M,NAM,NAM
420,SE,172200,0,M,NAM,NAM
421,SE,225000,0,M,NAM,NAM
422,SE,156400,0,M,NAM,NAM
423,SE,139500,0,M,NAM,NAM
424,SE,109400,0,M,NAM,NAM
425,MI,125000,0,M,NAM,NAM
426,MI,90000,0,M,NAM,NAM
427,SE,107614,100,M,EU,EU
428,SE,75330,100,M,EU,EU
429,SE,185900,0,M,NAM,NAM
430,SE,129300,0,M,NAM,NAM
431,SE,139500,0,M,NAM,NAM
432,SE,109400,0,M,NAM,NAM
433,SE,120000,100,M,NAM,NAM
434,SE,75000,100,M,NAM,NAM
435,SE,169000,0,M,NAM,NAM
436,SE,110600,0,M,NAM,NAM
437,SE,288000,100,M,NAM,NAM
438,SE,140000,100,M,NAM,NAM
439,SE,288000,100,M,NAM,NAM
440,SE,140000,100,M,NAM,NAM
441,MI,120000,0,M,NAM,NAM
442,MI,90000,0,M,NAM,NAM
443,MI,73021,0,M,EU,EU
444,MI,60851,0,M,EU,EU
445,SE,215050,100,M,NAM,NAM
446,SE,156400,100,M,NAM,NAM
447,SE,198000,100,M,NAM,NAM
448,SE,114000,100,M,NAM,NAM
449,EN,75000,100,M,NAM,NAM
450,EN,60000,100,M,NAM,NAM
451,SE,204500,0,M,NAM,NAM
452,SE,142200,0,M,NAM,NAM
453,SE,209300,100,M,NAM,NAM
454,SE,182200,100,M,NAM,NAM
455,SE,140000,0,M,NAM,NAM
456,SE,120000,0,M,NAM,NAM
457,EN,85000,0,M,NAM,NAM
458,MI,48680,100,M,EU,EU
459,EN,120000,100,M,EU,EU
460,EN,60000,100,M,EU,EU
461,SE,147100,0,M,NAM,NAM
462,SE,90700,0,M,NAM,NAM
463,SE,230000,0,M,NAM,NAM
464,SE,170000,0,M,NAM,NAM
465,SE,227000,0,M,NAM,NAM
466,SE,108000,0,M,NAM,NAM
467,SE,180000,100,M,NAM,NAM
468,SE,160000,100,M,NAM,NAM
469,SE,180000,100,M,NAM,NAM
470,SE,160000,100,M,NAM,NAM
471,SE,180000,0,M,NAM,NAM
472,SE,130000,0,M,NAM,NAM
473,SE,55959,100,M,EU,EU
474,SE,51655,100,M,EU,EU
475,EN,60000,100,L,NAM,NAM
476,EN,50000,50,L,NAM,AS
477,SE,226700,0,M,NAM,NAM
478,SE,133300,0,M,NAM,NAM
479,SE,252000,0,M,NAM,NAM
480,SE,129000,0,M,NAM,NAM
481,SE,152126,100,L,EU,EU
482,EN,9739,0,L,AS,AS
483,SE,80000,0,M,NAM,NAM
484,SE,52500,0,M,NAM,NAM
485,SE,250000,100,M,NAM,NAM
486,SE,162500,100,M,NAM,NAM
487,EN,85000,100,M,NAM,NAM
488,EN,75000,100,M,NAM,NAM
489,SE,153600,0,M,NAM,NAM
490,SE,106800,0,M,NAM,NAM
491,MI,165000,0,M,NAM,NAM
492,MI,124000,0,M,NAM,NAM
493,SE,115934,100,M,NAM,NAM
494,SE,81666,100,M,NAM,NAM
495,SE,167580,0,M,NAM,NAM
496,SE,87980,0,M,NAM,NAM
497,SE,250000,100,M,NAM,NAM
498,SE,63000,100,M,NAM,NAM
499,SE,253750,0,M,EU,EU
500,SE,169200,0,M,EU,EU
501,SE,253750,0,M,EU,EU
502,SE,169200,0,M,EU,EU
503,MI,170000,0,M,NAM,NAM
504,MI,120000,0,M,NAM,NAM
505,SE,124740,0,M,NAM,NAM
506,SE,65488,0,M,NAM,NAM
507,SE,213580,100,M,NAM,NAM
508,SE,163625,100,M,NAM,NAM
509,EN,12000,0,L,AS,AS
510,SE,375000,100,M,NAM,NAM
511,SE,102234,100,M,EU,EU
512,MI,16435,100,L,AS,AS
513,SE,220000,0,M,NAM,NAM
514,SE,170000,0,M,NAM,NAM
515,EX,235000,0,M,NAM,NAM
516,EX,210000,0,M,NAM,NAM
517,SE,180000,100,M,NAM,NAM
518,SE,115000,100,M,NAM,NAM
519,SE,200000,100,M,NAM,NAM
520,SE,115000,100,M,NAM,NAM
521,SE,231250,100,M,NAM,NAM
522,SE,138750,100,M,NAM,NAM
523,SE,284310,0,M,NAM,NAM
524,SE,153090,0,M,NAM,NAM
525,SE,160000,100,M,NAM,NAM
526,SE,75000,100,M,NAM,NAM
527,MI,125000,0,M,NAM,NAM
528,MI,105000,0,M,NAM,NAM
529,MI,109532,0,M,EU,EU
530,MI,85191,0,M,EU,EU
531,EN,55000,0,M,NAM,NAM
532,EN,48000,0,M,NAM,NAM
533,EN,100000,50,M,NAM,NAM
534,SE,225900,0,M,NAM,NAM
535,SE,156400,0,M,NAM,NAM
536,SE,250000,100,M,NAM,NAM
537,SE,162500,100,M,NAM,NAM
538,SE,318300,100,M,NAM,NAM
539,SE,188800,100,M,NAM,NAM
540,SE,385000,0,M,NAM,NAM
541,SE,60000,0,M,NAM,NAM
542,MI,110000,100,M,NAM,NAM
543,MI,95000,100,M,NAM,NAM
544,SE,145000,100,M,NAM,NAM
545,SE,135000,100,M,NAM,NAM
546,SE,180180,0,M,NAM,NAM
547,SE,106020,0,M,NAM,NAM
548,SE,93919,100,M,NAM,NAM
549,SE,51962,100,M,NAM,NAM
550,SE,241871,0,M,NAM,NAM
551,SE,133832,0,M,NAM,NAM
552,SE,170000,100,M,NAM,NAM
553,SE,90000,100,M,NAM,NAM
554,EX,210914,100,M,NAM,NAM
555,EX,116704,100,M,NAM,NAM
556,SE,192500,100,M,NAM,NAM
557,SE,140000,100,M,NAM,NAM
558,SE,149076,0,M,NAM,NAM
559,SE,82365,0,M,NAM,NAM
560,MI,36000,100,S,NAM,NAM
561,SE,175000,0,M,NAM,NAM
562,SE,148750,0,M,NAM,NAM
563,SE,370000,0,M,NAM,NAM
564,SE,200000,0,M,NAM,NAM
565,SE,235000,100,M,NAM,NAM
566,SE,185000,100,M,NAM,NAM
567,MI,121702,0,M,EU,EU
568,MI,97361,0,M,EU,EU
569,SE,216100,0,M,NAM,NAM
570,SE,140800,0,M,NAM,NAM
571,MI,146042,0,M,EU,EU
572,MI,121702,0,M,EU,EU
573,SE,53807,100,L,NAM,EU
574,EN,110000,50,S,NAM,NAM
575,SE,128000,0,M,NAM,NAM
576,SE,81500,0,M,NAM,NAM
577,MI,66936,100,M,EU,EU
578,MI,63285,100,M,EU,EU
579,MI,60851,0,M,EU,EU
580,MI,54766,0,M,EU,EU
581,EX,284000,100,M,NAM,NAM
582,EX,236000,100,M,NAM,NAM
583,SE,248100,0,M,NAM,NAM
584,SE,145900,0,M,NAM,NAM
585,SE,155850,0,M,NAM,NAM
586,SE,102544,0,M,NAM,NAM
587,MI,151410,100,M,NAM,NAM
588,MI,115360,100,M,NAM,NAM
589,MI,66721,100,M,EU,EU
590,MI,59188,100,M,EU,EU
591,SE,126636,50,M,NAM,NAM
592,SE,100000,50,L,EU,EU
593,EN,12783,50,L,AS,AS
594,SE,250000,0,M,NAM,NAM
595,SE,162500,0,M,NAM,NAM
596,SE,185000,0,M,EU,EU
597,SE,120250,0,M,EU,EU
598,EN,26903,100,L,EU,EU
599,EN,180000,100,M,NAM,NAM
600,MI,85000,0,M,NAM,NAM
601,MI,70000,0,M,NAM,NAM
602,SE,135000,100,M,NAM,NAM
603,SE,100000,100,M,NAM,NAM
604,EX,155000,0,M,NAM,NAM
605,EX,140000,0,M,NAM,NAM
606,SE,204500,0,M,NAM,NAM
607,SE,142200,0,M,NAM,NAM
608,SE,226700,0,M,NAM,NAM
609,SE,133300,0,M,NAM,NAM
610,SE,225000,100,M,NAM,NAM
611,SE,156400,100,M,NAM,NAM
612,SE,163800,0,M,NAM,NAM
613,SE,126000,0,M,NAM,NAM
614,SE,163800,0,M,NAM,NAM
615,SE,126000,0,M,NAM,NAM
616,SE,220000,0,M,NAM,NAM
617,SE,150000,0,M,NAM,NAM
618,SE,145000,0,M,NAM,NAM
619,SE,115000,0,M,NAM,NAM
620,SE,204500,0,M,NAM,NAM
621,SE,138900,0,M,NAM,NAM
622,MI,162500,0,M,NAM,NAM
623,MI,130000,0,M,NAM,NAM
624,SE,150000,100,M,NAM,NAM
625,SE,107000,100,M,NAM,NAM
626,EX,175000,0,M,NAM,NAM
627,EX,110000,0,M,NAM,NAM
628,SE,226700,0,M,NAM,NAM
629,SE,133300,0,M,NAM,NAM
630,SE,252000,0,M,NAM,NAM
631,SE,129000,0,M,NAM,NAM
632,SE,150000,0,M,NAM,NAM
633,SE,125000,0,M,NAM,NAM
634,SE,252000,0,M,NAM,NAM
635,SE,129000,0,M,NAM,NAM
636,SE,225000,0,M,NAM,NAM
637,SE,156400,0,M,NAM,NAM
638,MI,23000,100,L,AS,AS
639,MI,110000,100,L,NAM,NAM
640,SE,265000,100,M,NAM,NAM
641,SE,182750,100,M,NAM,NAM
642,MI,130000,0,M,NAM,NAM
643,MI,100000,0,M,NAM,NAM
644,SE,153600,0,M,NAM,NAM
645,SE,106800,0,M,NAM,NAM
646,SE,137500,0,M,NAM,NAM
647,SE,81500,0,M,NAM,NAM
648,EX,314100,0,M,NAM,NAM
649,EX,195800,0,M,NAM,NAM
650,SE,205000,0,M,NAM,NAM
651,SE,180000,0,M,NAM,NAM
652,SE,165000,100,M,NAM,NAM
653,SE,144000,100,M,NAM,NAM
654,EN,160000,0,M,NAM,NAM
655,EN,100000,0,M,NAM,NAM
656,EX,200000,0,M,NAM,NAM
657,EX,145000,0,M,NAM,NAM
658,MI,150000,0,M,NAM,NAM
659,MI,100000,0,M,NAM,NAM
660,SE,199000,0,M,NAM,NAM
661,SE,112000,0,M,NAM,NAM
662,SE,105000,0,M,NAM,NAM
663,SE,70000,0,M,NAM,NAM
664,EN,130000,100,S,EU,EU
665,SE,180180,0,M,NAM,NAM
666,SE,106020,0,M,NAM,NAM
667,EN,160000,0,M,NAM,NAM
668,EN,135000,0,M,NAM,NAM
669,SE,183000,0,M,NAM,NAM
670,SE,134000,0,M,NAM,NAM
671,SE,220000,0,M,NAM,NAM
672,SE,150000,0,M,NAM,NAM
673,SE,350000,0,L,NAM,NAM
674,SE,262500,0,L,NAM,NAM
675,SE,122000,0,M,NAM,NAM
676,SE,94000,0,M,NAM,NAM
677,SE,276000,0,M,NAM,NAM
678,SE,184000,0,M,NAM,NAM
679,EX,310000,100,M,NAM,NAM
680,EX,239000,100,M,NAM,NAM
681,SE,225000,100,M,NAM,NAM
682,SE,156400,100,M,NAM,NAM
683,MI,180000,100,M,NAM,NAM
684,MI,150000,100,M,NAM,NAM
685,SE,228000,0,M,NAM,NAM
686,SE,152000,0,M,NAM,NAM
687,SE,209450,100,M,NAM,NAM
688,SE,158677,100,M,NAM,NAM
689,SE,175000,0,M,NAM,NAM
690,SE,145000,0,M,NAM,NAM
691,SE,240000,0,M,NAM,NAM
692,SE,170000,0,M,NAM,NAM
693,MI,103200,0,M,NAM,NAM
694,MI,61200,0,M,NAM,NAM
695,MI,155000,100,L,NAM,NAM
696,EN,66970,50,L,AS,AS
697,SE,63492,50,L,EU,AS
698,SE,63492,50,L,EU,EU
699,SE,237000,100,M,NAM,NAM
700,SE,145000,100,M,NAM,NAM
701,SE,240000,100,M,NAM,NAM
702,SE,139000,100,M,NAM,NAM
703,SE,174500,0,M,NAM,NAM
704,SE,113000,0,M,NAM,NAM
705,SE,130000,100,M,NAM,NAM
706,SE,87000,100,M,NAM,NAM
707,SE,160000,100,M,NAM,NAM
708,SE,108000,100,M,NAM,NAM
709,SE,165000,100,M,NAM,NAM
710,SE,107250,100,M,NAM,NAM
711,SE,300000,0,M,NAM,NAM
712,SE,119000,0,M,NAM,NAM
713,SE,285800,100,M,NAM,NAM
714,SE,154600,100,M,NAM,NAM
715,MI,60873,50,L,AS,AS
716,EN,30000,100,S,NAM,SA
717,MI,220000,0,M,NAM,NAM
718,MI,195000,0,M,NAM,NAM
719,SE,168400,0,M,NAM,NAM
720,SE,105200,0,M,NAM,NAM
721,MI,206000,0,M,NAM,NAM
722,MI,160000,0,M,NAM,NAM
723,SE,200000,100,M,NAM,NAM
724,SE,175000,100,M,NAM,NAM
725,SE,231250,100,M,NAM,NAM
726,SE,138750,100,M,NAM,NAM
727,SE,153000,100,M,NAM,NAM
728,SE,94000,100,M,NAM,NAM
729,SE,240500,0,L,NAM,NAM
730,SE,123700,0,L,NAM,NAM
731,SE,160000,100,M,NAM,NAM
732,SE,90000,100,M,NAM,NAM
733,EN,124234,0,M,NAM,NAM
734,EN,74540,0,M,NAM,NAM
735,MI,109000,0,M,NAM,NAM
736,MI,79000,0,M,NAM,NAM
737,SE,84053,50,L,EU,EU
738,MI,50000,0,S,AS,AS
739,MI,50000,0,S,AS,EU
740,MI,50000,0,S,EU,AS
741,MI,50000,0,S,EU,EU
742,SE,275300,100,M,NAM,NAM
743,SE,183500,100,M,NAM,NAM
744,SE,275300,100,M,NAM,NAM
745,SE,183500,100,M,NAM,NAM
746,SE,160000,100,M,NAM,NAM
747,SE,125600,100,M,NAM,NAM
748,SE,170000,0,M,NAM,NAM
749,SE,120000,0,M,NAM,NAM
750,SE,225000,0,M,NAM,NAM
751,SE,140000,0,M,NAM,NAM
752,SE,141290,0,M,NAM,NAM
753,SE,74178,0,M,NAM,NAM
754,SE,150000,0,M,NAM,NAM
755,SE,120000,0,M,NAM,NAM
756,SE,85000,100,M,NAM,NAM
757,SE,75000,100,M,NAM,NAM
758,SE,220000,0,M,NAM,NAM
759,SE,160000,0,M,NAM,NAM
760,SE,205600,100,M,NAM,NAM
761,SE,107500,100,M,NAM,NAM
762,MI,120000,0,M,NAM,NAM
763,MI,95000,0,M,NAM,NAM
764,SE,185900,0,M,NAM,NAM
765,SE,129300,0,M,NAM,NAM
766,SE,160000,100,M,NAM,NAM
767,SE,130000,100,M,NAM,NAM
768,EN,12905,50,S,AS,AS
769,MI,250000,0,M,NAM,NAM
770,MI,175000,0,M,NAM,NAM
771,SE,136000,100,M,NAM,NAM
772,SE,104000,100,M,NAM,NAM
773,MI,80000,0,M,NAM,NAM
774,MI,52500,0,M,NAM,NAM
775,SE,110000,100,M,NAM,NAM
776,SE,84000,100,M,NAM,NAM
777,SE,125000,0,M,NAM,NAM
778,SE,110000,0,M,NAM,NAM
779,MI,90000,0,M,NAM,NAM
780,MI,80000,0,M,NAM,NAM
781,SE,200000,0,M,NAM,NAM
782,SE,135000,0,M,NAM,NAM
783,EN,48000,50,L,NAM,NAM
784,EN,120000,50,S,EU,EU
785,SE,130000,0,M,NAM,NAM
786,SE,75000,0,M,NAM,NAM
787,SE,252000,0,M,NAM,NAM
788,SE,129000,0,M,NAM,NAM
789,MI,150000,0,M,NAM,NAM
790,MI,100000,0,M,NAM,NAM
791,SE,226700,0,M,NAM,NAM
792,SE,133300,0,M,NAM,NAM
793,SE,190000,0,M,NAM,NAM
794,SE,165000,0,M,NAM,NAM
795,SE,170000,100,M,NAM,NAM
796,SE,150000,100,M,NAM,NAM
797,MI,150000,0,M,NAM,NAM
798,MI,130000,0,M,NAM,NAM
799,SE,225000,0,M,NAM,NAM
800,SE,156400,0,M,NAM,NAM
801,SE,200000,100,S,NAM,NAM
802,MI,80000,100,S,AF,AF
803,EN,12913,50,L,EU,EU
804,EN,6304,0,S,EU,EU
805,MI,17531,50,M,AS,AS
806,SE,257000,0,M,NAM,NAM
807,SE,134000,0,M,NAM,NAM
808,SE,77482,0,M,EU,EU
809,SE,38741,0,M,EU,EU
810,SE,205600,0,L,NAM,NAM
811,SE,105700,0,L,NAM,NAM
812,SE,140000,100,M,NAM,NAM
813,SE,110000,100,M,NAM,NAM
814,SE,299500,0,M,NAM,NAM
815,SE,245100,0,M,NAM,NAM
816,SE,210000,0,M,NAM,NAM
817,SE,151800,0,M,NAM,NAM
818,MI,53807,50,L,EU,EU
819,SE,51655,0,M,EU,EU
820,SE,40893,0,M,EU,EU
821,SE,51655,0,M,EU,EU
822,SE,40893,0,M,EU,EU
823,EN,160000,0,M,NAM,NAM
824,EN,135000,0,M,NAM,NAM
825,MI,120000,100,M,NAM,NAM
826,MI,95000,100,M,NAM,NAM
827,SE,250000,100,M,NAM,NAM
828,SE,63000,100,M,NAM,NAM
829,SE,237000,100,M,NAM,NAM
830,SE,145000,100,M,NAM,NAM
831,SE,130000,100,M,NAM,NAM
832,SE,90000,100,M,NAM,NAM
833,MI,120000,100,M,NAM,NAM
834,MI,100000,100,M,NAM,NAM
835,SE,174500,0,M,NAM,NAM
836,SE,113000,0,M,NAM,NAM
837,MI,183310,0,M,NAM,NAM
838,MI,183310,0,M,NAM,NAM
839,SE,145000,100,M,NAM,NAM
840,SE,102500,100,M,NAM,NAM
841,SE,210000,0,M,NAM,NAM
842,SE,185000,0,M,NAM,NAM
843,SE,174500,0,M,NAM,NAM
844,SE,113000,0,M,NAM,NAM
845,SE,122000,0,M,NAM,NAM
846,SE,94000,0,M,NAM,NAM
847,SE,220000,0,M,NAM,NAM
848,SE,146000,0,M,NAM,NAM
849,SE,300000,0,M,NAM,NAM
850,SE,130000,0,M,NAM,NAM
851,MI,25087,50,L,AS,AS
852,MI,15897,100,M,AS,AS
853,SE,145000,0,M,NAM,NAM
854,SE,128000,0,M,NAM,NAM
855,SE,182000,0,M,NAM,NAM
856,SE,140000,0,M,NAM,NAM
857,SE,122000,0,M,NAM,NAM
858,SE,94000,0,M,NAM,NAM
859,SE,77482,0,M,EU,EU
860,SE,38741,0,M,EU,EU
861,EX,300000,0,M,NAM,NAM
862,EX,200000,0,M,NAM,NAM
863,MI,135000,0,M,NAM,NAM
864,MI,105500,0,M,NAM,NAM
865,SE,252000,0,M,NAM,NAM
866,SE,129000,0,M,NAM,NAM
867,MI,110000,100,L,NAM,NAM
868,SE,136000,100,M,NAM,NAM
869,SE,104000,100,M,NAM,NAM
870,SE,168000,100,M,NAM,NAM
871,SE,130000,100,M,NAM,NAM
872,MI,79106,0,M,EU,EU
873,MI,43873,0,M,EU,EU
874,MI,120000,0,M,NAM,NAM
875,MI,95000,0,M,NAM,NAM
876,SE,153400,0,M,NAM,NAM
877,SE,122700,0,M,NAM,NAM
878,SE,185000,0,M,NAM,NAM
879,SE,160000,0,M,NAM,NAM
880,SE,205000,100,M,NAM,NAM
881,SE,185000,100,M,NAM,NAM
882,SE,204500,0,M,NAM,NAM
883,SE,142200,0,M,NAM,NAM
884,MI,145000,0,M,NAM,NAM
885,MI,87000,0,M,NAM,NAM
886,EN,50000,100,M,NAM,AS
887,SE,234100,100,M,NAM,NAM
888,SE,203500,100,M,NAM,NAM
889,SE,223800,0,M,NAM,NAM
890,SE,172100,0,M,NAM,NAM
891,SE,180000,0,M,NAM,NAM
892,SE,150000,0,M,NAM,NAM
893,SE,232200,100,M,NAM,NAM
894,SE,167200,100,M,NAM,NAM
895,SE,197000,0,M,NAM,NAM
896,SE,106000,0,M,NAM,NAM
897,SE,180000,0,M,NAM,NAM
898,SE,145000,0,M,NAM,NAM
899,SE,225000,0,M,NAM,NAM
900,SE,200000,0,M,NAM,NAM
901,SE,170000,100,M,NAM,NAM
902,SE,114000,100,M,NAM,NAM
903,SE,291500,0,M,NAM,NAM
904,SE,180000,0,M,NAM,NAM
905,EX,196200,0,M,NAM,NAM
906,EX,150900,0,M,NAM,NAM
907,SE,168400,0,M,NAM,NAM
908,SE,105200,0,M,NAM,NAM
909,MI,95000,100,M,EU,EU
910,MI,80000,100,M,EU,EU
911,MI,116000,0,M,NAM,NAM
912,MI,72000,0,M,NAM,NAM
913,SE,207000,0,M,NAM,NAM
914,SE,167000,0,M,NAM,NAM
915,SE,145000,0,M,NAM,NAM
916,SE,135000,0,M,NAM,NAM
917,MI,105000,0,M,NAM,NAM
918,MI,70000,0,M,NAM,NAM
919,SE,180000,100,M,NAM,NAM
920,SE,115000,100,M,NAM,NAM
921,SE,133800,100,M,NAM,NAM
922,SE,96100,100,M,NAM,NAM
923,MI,120000,0,M,NAM,NAM
924,MI,80000,0,M,NAM,NAM
925,SE,140000,0,M,NAM,NAM
926,SE,100000,0,M,NAM,NAM
927,SE,150000,0,M,NAM,NAM
928,SE,120000,0,M,NAM,NAM
929,SE,140000,100,M,NAM,NAM
930,SE,115000,100,M,NAM,NAM
931,SE,297300,100,M,NAM,NAM
932,SE,198200,100,M,NAM,NAM
933,SE,297300,100,M,NAM,NAM
934,SE,198200,100,M,NAM,NAM
935,SE,202000,100,M,NAM,NAM
936,SE,135000,100,M,NAM,NAM
937,SE,110000,100,M,NAM,NAM
938,SE,84000,100,M,NAM,NAM
939,MI,219000,50,L,NAM,NAM
940,SE,230000,100,M,NAM,NAM
941,SE,196000,100,M,NAM,NAM
942,SE,140000,100,M,NAM,NAM
943,SE,110000,100,M,NAM,NAM
944,MI,150000,0,M,NAM,NAM
945,MI,100000,0,M,NAM,NAM
946,SE,160000,0,M,NAM,NAM
947,SE,110000,0,M,NAM,NAM
948,SE,185900,0,M,NAM,NAM
949,SE,129300,0,M,NAM,NAM
950,SE,126100,0,L,NAM,NAM
951,SE,72000,0,L,NAM,NAM
952,SE,170000,100,M,NAM,NAM
953,SE,150000,100,M,NAM,NAM
954,MI,175000,100,M,NAM,NAM
955,MI,140000,100,M,NAM,NAM
956,SE,240500,0,M,NAM,NAM
957,SE,137500,0,M,NAM,NAM
958,MI,187500,0,M,NAM,NAM
959,MI,165000,0,M,NAM,NAM
960,MI,73021,0,L,EU,EU
961,EN,25216,100,L,NAM,EU
962,SE,210000,0,M,NAM,NAM
963,SE,165750,0,M,NAM,NAM
964,SE,225000,100,M,NAM,NAM
965,SE,165750,100,M,NAM,NAM
966,MI,109166,0,M,EU,EU
967,MI,67240,0,M,EU,EU
968,SE,135000,100,M,NAM,NAM
969,SE,115000,100,M,NAM,NAM
970,SE,275000,0,M,NAM,NAM
971,SE,175000,0,M,NAM,NAM
972,SE,170000,100,M,NAM,NAM
973,SE,140000,100,M,NAM,NAM
974,SE,175308,0,M,NAM,NAM
975,SE,100706,0,M,NAM,NAM
976,SE,235000,0,M,NAM,NAM
977,SE,135000,0,M,NAM,NAM
978,SE,310000,0,M,NAM,NAM
979,SE,229000,0,M,NAM,NAM
980,SE,289076,0,M,NAM,NAM
981,SE,202353,0,M,NAM,NAM
982,SE,69949,0,M,EU,EU
983,SE,37665,0,M,EU,EU
984,MI,120000,100,M,NAM,NAM
985,MI,100000,100,M,NAM,NAM
986,SE,226700,0,M,NAM,NAM
987,SE,133300,0,M,NAM,NAM
988,SE,125000,0,M,NAM,NAM
989,SE,85000,0,M,NAM,NAM
990,SE,130000,100,M,NAM,NAM
991,SE,80000,100,M,NAM,NAM
992,MI,120000,0,M,NAM,NAM
993,MI,100000,0,M,NAM,NAM
994,SE,54094,100,L,AS,AS
995,MI,18314,50,L,AS,AS
996,SE,231250,100,M,NAM,NAM
997,SE,138750,100,M,NAM,NAM
998,SE,199000,0,M,NAM,NAM
999,SE,162000,0,M,NAM,NAM
1000,EN,160000,0,M,NAM,NAM
1001,EN,135000,0,M,NAM,NAM
1002,EN,100000,100,M,NAM,NAM
1003,SE,200000,0,M,NAM,NAM
1004,SE,150000,0,M,NAM,NAM
1005,EN,160000,0,M,NAM,NAM
1006,EN,120000,0,M,NAM,NAM
1007,SE,250000,0,M,NAM,NAM
1008,SE,200000,0,M,NAM,NAM
1009,EN,150000,0,M,NAM,NAM
1010,EN,120000,0,M,NAM,NAM
1011,SE,150000,0,M,NAM,NAM
1012,SE,100000,0,M,NAM,NAM
1013,SE,133000,0,L,EU,EU
1014,SE,272550,0,M,NAM,NAM
1015,SE,198200,0,M,NAM,NAM
1016,SE,182000,0,M,NAM,NAM
1017,SE,140000,0,M,NAM,NAM
1018,SE,200000,0,M,NAM,NAM
1019,SE,160000,0,M,NAM,NAM
1020,SE,204500,0,M,NAM,NAM
1021,SE,142200,0,M,NAM,NAM
1022,MI,120000,0,M,NAM,NAM
1023,MI,105000,0,M,NAM,NAM
1024,SE,187500,100,M,NAM,NAM
1025,SE,175000,100,M,NAM,NAM
1026,SE,204500,0,M,NAM,NAM
1027,SE,142200,0,M,NAM,NAM
1028,SE,155000,100,M,NAM,NAM
1029,SE,64000,100,M,NAM,NAM
1030,SE,235000,0,M,NAM,NAM
1031,SE,185000,0,M,NAM,NAM
1032,SE,174500,0,M,NAM,NAM
1033,SE,113000,0,M,NAM,NAM
1034,SE,143100,0,M,NAM,NAM
1035,SE,113000,0,M,NAM,NAM
1036,SE,184000,100,M,NAM,NAM
1037,SE,142000,100,M,NAM,NAM
1038,SE,140000,0,M,NAM,NAM
1039,SE,120000,0,M,NAM,NAM
1040,SE,174500,0,M,NAM,NAM
1041,SE,113000,0,M,NAM,NAM
1042,SE,180560,0,M,NAM,NAM
1043,SE,115440,0,M,NAM,NAM
1044,SE,140000,0,M,NAM,NAM
1045,SE,120000,0,M,NAM,NAM
1046,SE,248100,0,M,NAM,NAM
1047,SE,145900,0,M,NAM,NAM
1048,SE,120000,0,M,NAM,NAM
1049,SE,110000,0,M,NAM,NAM
1050,SE,291500,0,M,NAM,NAM
1051,SE,180000,0,M,NAM,NAM
1052,MI,75455,100,M,EU,EU
1053,MI,63285,100,M,EU,EU
1054,SE,161800,0,M,NAM,NAM
1055,SE,141600,0,M,NAM,NAM
1056,MI,58417,100,M,EU,EU
1057,MI,46246,100,M,EU,EU
1058,SE,166000,100,M,NAM,NAM
1059,SE,128000,100,M,NAM,NAM
1060,SE,170000,100,M,NAM,NAM
1061,SE,110000,100,M,NAM,NAM
1062,SE,160000,100,M,NAM,NAM
1063,SE,75000,100,M,NAM,NAM
1064,SE,236000,100,M,NAM,NAM
1065,SE,182000,100,M,NAM,NAM
1066,MI,14307,100,L,AS,AS
1067,EN,130000,0,M,NAM,NAM
1068,MI,150000,0,M,NAM,NAM
1069,MI,100000,0,M,NAM,NAM
1070,SE,261500,0,L,NAM,NAM
1071,SE,134500,0,L,NAM,NAM
1072,MI,13989,100,L,AS,AS
1073,MI,130000,0,M,NAM,NAM
1074,MI,90000,0,M,NAM,NAM
1075,EN,160000,0,M,NAM,NAM
1076,EN,135000,0,M,NAM,NAM
1077,SE,125000,100,L,NAM,NAM
1078,SE,175000,0,M,NAM,NAM
1079,SE,155000,0,M,NAM,NAM
1080,SE,153600,0,M,NAM,NAM
1081,SE,106800,0,M,NAM,NAM
1082,SE,150000,0,M,NAM,NAM
1083,SE,140000,0,M,NAM,NAM
1084,SE,122000,0,M,NAM,NAM
1085,SE,94500,0,M,NAM,NAM
1086,SE,170000,0,M,NAM,NAM
1087,SE,130000,0,M,NAM,NAM
1088,SE,145000,0,M,NAM,NAM
1089,SE,128000,0,M,NAM,NAM
1090,SE,145000,0,M,NAM,NAM
1091,SE,100000,0,M,NAM,NAM
1092,SE,175000,0,M,NAM,NAM
1093,SE,120000,0,M,NAM,NAM
1094,SE,145000,0,M,NAM,NAM
1095,SE,115000,0,M,NAM,NAM
1096,SE,150000,100,M,NAM,NAM
1097,MI,150000,0,M,NAM,NAM
1098,MI,100000,0,M,NAM,NAM
1099,MI,150000,100,M,NAM,NAM
1100,MI,127500,100,M,NAM,NAM
1101,SE,126500,100,M,NAM,NAM
1102,SE,51000,100,M,NAM,NAM
1103,MI,260000,0,M,NAM,NAM
1104,MI,175000,0,M,NAM,NAM
1105,EN,40000,100,M,AS,OC
1106,EN,40000,100,M,OC,AS
1107,SE,250000,100,M,NAM,NAM
1108,SE,63000,100,M,NAM,NAM
1109,SE,210000,100,M,NAM,NAM
1110,SE,160000,100,M,NAM,NAM
1111,SE,272550,100,M,NAM,NAM
1112,SE,198200,100,M,NAM,NAM
1113,MI,94560,100,M,EU,EU
1114,MI,52533,100,M,EU,EU
1115,SE,220000,0,M,NAM,NAM
1116,SE,146000,0,M,NAM,NAM
1117,MI,150000,0,M,NAM,NAM
1118,MI,100000,0,M,NAM,NAM
1119,SE,248400,100,M,NAM,NAM
1120,SE,183600,100,M,NAM,NAM
1121,MI,150000,100,M,NAM,NAM
1122,MI,150000,100,M,NAM,NAM
1123,EN,40000,100,M,OC,AS
1124,SE,56723,0,L,AS,AS
1125,MI,120000,0,M,NAM,NAM
1126,MI,95000,0,M,NAM,NAM
1127,EN,160000,0,M,NAM,NAM
1128,EN,135000,0,M,NAM,NAM
1129,EN,24165,50,M,EU,EU
1130,SE,216000,100,M,NAM,NAM
1131,SE,144000,100,M,NAM,NAM
1132,EN,85000,0,M,NAM,NAM
1133,EN,65000,0,M,NAM,NAM
1134,SE,149000,100,M,NAM,NAM
1135,SE,119000,100,M,NAM,NAM
1136,SE,140000,0,M,NAM,NAM
1137,SE,120000,0,M,NAM,NAM
1138,MI,150000,0,M,NAM,NAM
1139,MI,110000,0,M,NAM,NAM
1140,SE,246000,100,M,NAM,NAM
1141,SE,201000,100,M,NAM,NAM
1142,SE,190000,0,M,NAM,NAM
1143,SE,155000,0,M,NAM,NAM
1144,SE,235000,100,M,NAM,NAM
1145,SE,185000,100,M,NAM,NAM
1146,SE,190000,100,M,NAM,NAM
1147,SE,160000,100,M,NAM,NAM
1148,EN,100000,100,M,NAM,NAM
1149,MI,130000,0,M,NAM,NAM
1150,MI,115000,0,M,NAM,NAM
1151,MI,92350,0,M,EU,EU
1152,MI,67723,0,M,EU,EU
1153,MI,105000,0,M,NAM,NAM
1154,MI,70000,0,M,NAM,NAM
1155,SE,204500,0,M,NAM,NAM
1156,SE,142200,0,M,NAM,NAM
1157,SE,192000,100,M,NAM,NAM
1158,SE,164000,100,M,NAM,NAM
1159,SE,185900,0,M,NAM,NAM
1160,SE,129300,0,M,NAM,NAM
1161,SE,130000,0,M,NAM,NAM
1162,SE,75000,0,M,NAM,NAM
1163,SE,175000,0,M,NAM,NAM
1164,SE,120000,0,M,NAM,NAM
1165,SE,167500,0,M,NAM,NAM
1166,SE,106500,0,M,NAM,NAM
1167,MI,75000,100,M,NAM,NAM
1168,MI,60000,100,M,NAM,NAM
1169,SE,184000,100,M,NAM,NAM
1170,SE,142000,100,M,NAM,NAM
1171,MI,145000,0,M,NAM,NAM
1172,MI,100000,0,M,NAM,NAM
1173,EN,10000,50,S,AF,AF
1174,MI,31795,100,M,NAM,AS
1175,MI,44365,100,S,EU,EU
1176,SE,175000,0,M,NAM,NAM
1177,SE,120000,0,M,NAM,NAM
1178,SE,175000,0,M,NAM,NAM
1179,SE,120000,0,M,NAM,NAM
1180,EX,200000,0,M,NAM,NAM
1181,EX,145000,0,M,NAM,NAM
1182,MI,92350,100,M,EU,EU
1183,MI,73880,100,M,EU,EU
1184,SE,145000,0,M,NAM,NAM
1185,SE,100000,0,M,NAM,NAM
1186,SE,192000,100,M,NAM,NAM
1187,SE,164000,100,M,NAM,NAM
1188,EX,310000,100,M,NAM,NAM
1189,EX,239000,100,M,NAM,NAM
1190,SE,120000,0,M,NAM,NAM
1191,SE,95000,0,M,NAM,NAM
1192,SE,145000,0,M,NAM,NAM
1193,SE,135000,0,M,NAM,NAM
1194,SE,100000,0,M,NAM,NAM
1195,SE,78000,0,M,NAM,NAM
1196,SE,73546,0,M,EU,EU
1197,SE,36773,0,M,EU,EU
1198,MI,160000,100,M,NAM,NAM
1199,MI,120000,100,M,NAM,NAM
1200,SE,190000,0,M,NAM,NAM
1201,SE,150000,0,M,NAM,NAM
1202,MI,35610,50,L,AS,AS
1203,SE,125000,100,L,SA,SA
1204,SE,120000,0,M,NAM,NAM
1205,SE,95000,0,M,NAM,NAM
1206,MI,150000,0,M,NAM,NAM
1207,MI,100000,0,M,NAM,NAM
1208,SE,47280,0,M,EU,EU
1209,SE,37824,0,M,EU,EU
1210,SE,115934,100,M,NAM,NAM
1211,SE,81666,100,M,NAM,NAM
1212,SE,175000,100,M,NAM,NAM
1213,SE,140000,100,M,NAM,NAM
1214,SE,120000,0,M,NAM,NAM
1215,SE,95000,0,M,NAM,NAM
1216,SE,249500,0,M,NAM,NAM
1217,SE,149850,0,M,NAM,NAM
1218,MI,122500,100,M,NAM,NAM
1219,MI,100000,100,M,NAM,NAM
1220,SE,249500,0,M,NAM,NAM
1221,SE,149850,0,M,NAM,NAM
1222,EN,55000,0,M,NAM,NAM
1223,EN,48000,0,M,NAM,NAM
1224,SE,249500,0,M,NAM,NAM
1225,SE,149850,0,M,NAM,NAM
1226,MI,58837,100,S,EU,EU
1227,SE,190000,100,M,NAM,NAM
1228,SE,120000,100,M,NAM,NAM
1229,SE,127000,100,M,NAM,NAM
1230,SE,104000,100,M,NAM,NAM
1231,SE,210000,100,M,NAM,NAM
1232,SE,150000,100,M,NAM,NAM
1233,SE,210000,100,M,NAM,NAM
1234,SE,150000,100,M,NAM,NAM
1235,SE,210000,100,M,NAM,NAM
1236,SE,130000,100,M,NAM,NAM
1237,SE,182750,100,M,NAM,NAM
1238,SE,161500,100,M,NAM,NAM
1239,MI,102640,100,M,NAM,NAM
1240,MI,66100,100,M,NAM,NAM
1241,SE,210000,100,M,NAM,NAM
1242,SE,150000,100,M,NAM,NAM
1243,SE,198800,0,M,NAM,NAM
1244,SE,122600,0,M,NAM,NAM
1245,MI,130000,100,M,NAM,NAM
1246,MI,80000,100,M,NAM,NAM
1247,SE,136000,100,M,NAM,NAM
1248,SE,104000,100,M,NAM,NAM
1249,SE,150000,100,M,NAM,NAM
1250,SE,100000,100,M,NAM,NAM
1251,EN,160000,0,M,NAM,NAM
1252,EN,135000,0,M,NAM,NAM
1253,SE,216000,100,M,NAM,NAM
1254,SE,144000,100,M,NAM,NAM
1255,EX,159000,100,M,NAM,NAM
1256,EX,130000,100,M,NAM,NAM
1257,SE,115934,100,M,NAM,NAM
1258,SE,81666,100,M,NAM,NAM
1259,SE,215000,100,M,NAM,NAM
1260,SE,150000,100,M,NAM,NAM
1261,SE,246000,100,M,NAM,NAM
1262,SE,201000,100,M,NAM,NAM
1263,MI,187000,100,M,NAM,NAM
1264,MI,153000,100,M,NAM,NAM
1265,SE,255000,100,M,NAM,NAM
1266,SE,185000,100,M,NAM,NAM
1267,MI,430967,0,M,EU,EU
1268,MI,55410,0,M,EU,EU
1269,SE,50432,0,M,EU,EU
1270,SE,39925,0,M,EU,EU
1271,SE,169000,0,M,NAM,NAM
1272,SE,110600,0,M,NAM,NAM
1273,EN,60938,0,L,EU,EU
1274,SE,140000,100,M,NAM,NAM
1275,SE,120000,100,M,NAM,NAM
1276,MI,75000,100,M,NAM,NAM
1277,MI,60000,100,M,NAM,NAM
1278,SE,10000,50,S,EU,NAM
1279,EN,50000,50,L,NAM,NAM
1280,MI,134000,100,M,NAM,NAM
1281,MI,124000,100,M,NAM,NAM
1282,SE,166700,0,M,NAM,NAM
1283,SE,119000,0,M,NAM,NAM
1284,EN,124234,0,M,NAM,NAM
1285,EN,74540,0,M,NAM,NAM
1286,MI,100000,100,M,NAM,NAM
1287,MI,65000,100,M,NAM,NAM
1288,MI,16904,50,L,AS,AS
1289,EN,200000,50,L,NAM,NAM
1290,EN,12000,100,L,SA,SA
1291,SE,220000,100,M,NAM,NAM
1292,SE,146000,100,M,NAM,NAM
1293,SE,68293,0,M,EU,EU
1294,SE,36773,0,M,EU,EU
1295,SE,110000,0,M,NAM,NAM
1296,SE,70000,0,M,NAM,NAM
1297,EN,50000,50,L,NAM,NAM
1298,SE,120000,0,M,NAM,NAM
1299,SE,95000,0,M,NAM,NAM
1300,MI,150000,0,M,NAM,NAM
1301,MI,100000,0,M,NAM,NAM
1302,SE,47280,0,M,EU,EU
1303,SE,37824,0,M,EU,EU
1304,SE,190000,100,M,NAM,NAM
1305,SE,135000,100,M,NAM,NAM
1306,SE,128000,0,M,NAM,NAM
1307,SE,81500,0,M,NAM,NAM
1308,SE,173000,100,M,NAM,NAM
1309,SE,110000,100,M,NAM,NAM
1310,SE,192000,0,M,NAM,NAM
1311,SE,120000,0,M,NAM,NAM
1312,SE,115934,100,M,NAM,NAM
1313,SE,81666,100,M,NAM,NAM
1314,SE,120000,0,M,NAM,NAM
1315,SE,95000,0,M,NAM,NAM
1316,SE,190000,100,L,NAM,NAM
1317,SE,194000,100,M,NAM,NAM
1318,SE,129400,100,M,NAM,NAM
1319,SE,201000,100,M,NAM,NAM
1320,SE,89200,100,M,NAM,NAM
1321,SE,165000,0,M,NAM,NAM
1322,SE,125000,0,M,NAM,NAM
1323,SE,230000,100,M,NAM,NAM
1324,SE,196000,100,M,NAM,NAM
1325,MI,130000,0,M,NAM,NAM
1326,MI,90000,0,M,NAM,NAM
1327,MI,150000,100,M,NAM,NAM
1328,MI,100000,100,M,NAM,NAM
1329,MI,230000,0,M,NAM,NAM
1330,MI,150000,0,M,NAM,NAM
1331,SE,153600,0,M,NAM,NAM
1332,SE,106800,0,M,NAM,NAM
1333,MI,130000,100,M,NAM,NAM
1334,MI,100000,100,M,NAM,NAM
1335,SE,216000,100,M,NAM,NAM
1336,SE,144000,100,M,NAM,NAM
1337,MI,180000,0,M,NAM,NAM
1338,MI,120000,0,M,NAM,NAM
1339,EN,160000,0,M,NAM,NAM
1340,EN,135000,0,M,NAM,NAM
1341,SE,192500,100,M,NAM,NAM
1342,SE,140000,100,M,NAM,NAM
1343,SE,152500,0,M,NAM,NAM
1344,SE,130000,0,M,NAM,NAM
1345,SE,65000,100,M,NAM,NAM
1346,SE,55000,100,M,NAM,NAM
1347,SE,178750,0,M,NAM,NAM
1348,SE,160000,0,M,NAM,NAM
1349,MI,63040,100,M,EU,EU
1350,MI,52533,100,M,EU,EU
1351,MI,165000,0,M,NAM,NAM
1352,MI,135000,0,M,NAM,NAM
1353,SE,170000,100,M,NAM,NAM
1354,SE,125000,100,M,NAM,NAM
1355,SE,105000,0,M,NAM,NAM
1356,SE,70000,0,M,NAM,NAM
1357,SE,130000,0,M,NAM,NAM
1358,SE,95000,0,M,NAM,NAM
1359,SE,203500,0,M,NAM,NAM
1360,SE,152000,0,M,NAM,NAM
1361,SE,197430,100,M,NAM,NAM
1362,SE,134760,100,M,NAM,NAM
1363,MI,120000,100,M,NAM,NAM
1364,SE,197000,0,M,NAM,NAM
1365,SE,99000,0,M,NAM,NAM
1366,SE,220000,100,M,NAM,NAM
1367,SE,162000,100,M,NAM,NAM
1368,MI,110446,0,M,EU,EU
1369,MI,79178,0,M,EU,EU
1370,MI,70186,0,M,EU,EU
1371,MI,51716,0,M,EU,EU
1372,SE,149040,100,M,NAM,NAM
1373,SE,113900,100,M,NAM,NAM
1374,MI,95000,0,M,NAM,NAM
1375,SE,115000,100,S,NAM,NAM
1376,SE,171000,100,L,OC,NAM
1377,EN,13000,100,S,SA,SA
1378,SE,100000,0,M,NAM,NAM
1379,SE,78000,0,M,NAM,NAM
1380,SE,120000,0,M,NAM,NAM
1381,SE,95000,0,M,NAM,NAM
1382,SE,110000,0,M,NAM,NAM
1383,SE,70000,0,M,NAM,NAM
1384,EN,50000,100,S,NAM,EU
1385,SE,185900,0,M,NAM,NAM
1386,SE,129300,0,M,NAM,NAM
1387,MI,150000,0,M,NAM,NAM
1388,MI,100000,0,M,NAM,NAM
1389,SE,230000,100,M,NAM,NAM
1390,SE,154600,100,M,NAM,NAM
1391,SE,204500,0,M,NAM,NAM
1392,SE,142200,0,M,NAM,NAM
1393,MI,160000,100,M,NAM,NAM
1394,MI,75000,100,M,NAM,NAM
1395,SE,47280,0,M,EU,EU
1396,SE,37824,0,M,EU,EU
1397,SE,213000,0,M,NAM,NAM
1398,SE,152000,0,M,NAM,NAM
1399,SE,140000,100,M,NAM,NAM
1400,SE,120000,100,M,NAM,NAM
1401,SE,110000,0,M,NAM,NAM
1402,SE,70000,0,M,NAM,NAM
1403,SE,227200,100,M,NAM,NAM
1404,SE,168000,100,M,NAM,NAM
1405,EN,20000,0,M,OC,OC
1406,MI,64090,0,M,EU,EU
1407,MI,60938,0,M,EU,EU
1408,SE,243000,100,M,NAM,NAM
1409,SE,183000,100,M,NAM,NAM
1410,SE,175000,0,M,NAM,NAM
1411,SE,150000,0,M,NAM,NAM
1412,MI,130000,100,M,NAM,NAM
1413,MI,90000,100,M,NAM,NAM
1414,MI,165000,0,M,NAM,NAM
1415,MI,124000,0,M,NAM,NAM
1416,SE,178000,0,M,NAM,NAM
1417,SE,132000,0,M,NAM,NAM
1418,SE,300000,0,M,NAM,NAM
1419,SE,130000,0,M,NAM,NAM
1420,SE,169000,0,M,NAM,NAM
1421,SE,110600,0,M,NAM,NAM
1422,SE,116000,100,M,NAM,NAM
1423,SE,96000,100,M,NAM,NAM
1424,SE,92350,0,M,EU,EU
1425,SE,70186,0,M,EU,EU
1426,SE,105000,0,M,NAM,NAM
1427,SE,70000,0,M,NAM,NAM
1428,MI,105236,50,L,NAM,NAM
1429,SE,194000,100,M,NAM,NAM
1430,SE,129400,100,M,NAM,NAM
1431,SE,190000,100,M,NAM,NAM
1432,SE,135000,100,M,NAM,NAM
1433,SE,100000,0,M,NAM,NAM
1434,SE,70000,0,M,NAM,NAM
1435,EN,189750,0,M,NAM,NAM
1436,EN,140250,0,M,NAM,NAM
1437,SE,130000,0,M,NAM,NAM
1438,SE,100000,0,M,NAM,NAM
1439,MI,160000,0,M,NAM,NAM
1440,MI,109000,0,M,NAM,NAM
1441,SE,250000,0,M,NAM,NAM
1442,SE,150000,0,M,NAM,NAM
1443,MI,206000,0,M,NAM,NAM
1444,MI,160000,0,M,NAM,NAM
1445,SE,135000,0,M,NAM,NAM
1446,SE,120000,0,M,NAM,NAM
1447,SE,115573,100,M,EU,EU
1448,SE,73546,100,M,EU,EU
1449,EN,160000,0,M,NAM,NAM
1450,EN,135000,0,M,NAM,NAM
1451,MI,150000,0,M,NAM,NAM
1452,MI,100000,0,M,NAM,NAM
1453,MI,120000,0,M,NAM,NAM
1454,MI,95000,0,M,NAM,NAM
1455,SE,68293,0,M,EU,EU
1456,SE,42026,0,M,EU,EU
1457,SE,191200,0,M,NAM,NAM
1458,SE,130000,0,M,NAM,NAM
1459,SE,191200,0,M,NAM,NAM
1460,SE,130000,0,M,NAM,NAM
1461,EN,66192,50,L,EU,EU
1462,EN,50000,100,S,NAM,NAM
1463,SE,230000,0,L,NAM,NAM
1464,SE,154600,0,L,NAM,NAM
1465,SE,120000,0,M,NAM,NAM
1466,SE,95000,0,M,NAM,NAM
1467,SE,140000,0,M,NAM,NAM
1468,SE,120000,0,M,NAM,NAM
1469,SE,169000,0,M,NAM,NAM
1470,SE,110600,0,M,NAM,NAM
1471,MI,80000,100,L,NAM,NAM
1472,SE,185900,0,M,NAM,NAM
1473,SE,129300,0,M,NAM,NAM
1474,SE,135000,0,M,NAM,NAM
1475,SE,110000,0,M,NAM,NAM
1476,MI,155000,0,M,NAM,NAM
1477,MI,140000,0,M,NAM,NAM
1478,SE,205000,100,M,NAM,NAM
1479,SE,150000,100,M,NAM,NAM
1480,SE,179500,0,M,NAM,NAM
1481,SE,134000,0,M,NAM,NAM
1482,MI,180000,0,M,NAM,NAM
1483,MI,120000,0,M,NAM,NAM
1484,SE,185900,0,M,NAM,NAM
1485,SE,129300,0,M,NAM,NAM
1486,SE,175000,100,M,NAM,NAM
1487,SE,145000,100,M,NAM,NAM
1488,SE,235000,100,M,NAM,NAM
1489,SE,175000,100,M,NAM,NAM
1490,EN,27317,50,L,EU,EU
1491,MI,160000,100,M,NAM,NAM
1492,MI,90000,100,M,NAM,NAM
1493,SE,68293,0,M,EU,EU
1494,SE,36773,0,M,EU,EU
1495,SE,145000,0,M,NAM,NAM
1496,SE,115000,0,M,NAM,NAM
1497,MI,165000,0,M,NAM,NAM
1498,MI,135000,0,M,NAM,NAM
1499,SE,168400,0,M,NAM,NAM
1500,SE,105200,0,M,NAM,NAM
1501,MI,86193,100,M,EU,EU
1502,MI,49253,100,M,EU,EU
1503,SE,200000,0,M,NAM,NAM
1504,SE,160000,0,M,NAM,NAM
1505,SE,47280,0,M,EU,EU
1506,SE,37824,0,M,EU,EU
1507,SE,198800,0,M,NAM,NAM
1508,SE,122600,0,M,NAM,NAM
1509,EN,100000,100,M,AS,AS
1510,MI,105066,50,M,EU,EU
1511,SE,130000,0,M,NAM,NAM
1512,SE,100000,0,M,NAM,NAM
1513,MI,104663,0,M,EU,EU
1514,MI,73880,0,M,EU,EU
1515,SE,125000,100,M,NAM,NAM
1516,SE,110000,100,M,NAM,NAM
1517,MI,165000,0,M,NAM,NAM
1518,MI,124000,0,M,NAM,NAM
1519,SE,148000,100,M,NAM,NAM
1520,SE,107000,100,M,NAM,NAM
1521,MI,150000,0,M,NAM,NAM
1522,MI,100000,0,M,NAM,NAM
1523,EN,160000,0,M,NAM,NAM
1524,EN,135000,0,M,NAM,NAM
1525,MI,120000,0,M,NAM,NAM
1526,MI,95000,0,M,NAM,NAM
1527,SE,153600,0,M,NAM,NAM
1528,SE,106800,0,M,NAM,NAM
1529,MI,100000,0,M,NAM,NAM
1530,MI,65000,0,M,NAM,NAM
1531,MI,120000,0,M,NAM,NAM
1532,MI,95000,0,M,NAM,NAM
1533,SE,63040,0,M,EU,EU
1534,SE,36773,0,M,EU,EU
1535,EX,310000,100,M,NAM,NAM
1536,EX,239000,100,M,NAM,NAM
1537,SE,299500,0,M,NAM,NAM
1538,SE,245100,0,M,NAM,NAM
1539,SE,168000,100,M,NAM,NAM
1540,SE,130000,100,M,NAM,NAM
1541,SE,136000,100,M,NAM,NAM
1542,SE,104000,100,M,NAM,NAM
1543,MI,161000,100,M,NAM,NAM
1544,MI,118000,100,M,NAM,NAM
1545,SE,205000,100,M,NAM,NAM
1546,SE,184000,100,M,NAM,NAM
1547,SE,185900,0,M,NAM,NAM
1548,SE,129300,0,M,NAM,NAM
1549,SE,247500,0,M,NAM,NAM
1550,SE,172200,0,M,NAM,NAM
1551,SE,68293,0,L,EU,EU
1552,SE,177000,0,M,NAM,NAM
1553,SE,131000,0,M,NAM,NAM
1554,SE,205000,100,M,NAM,NAM
1555,SE,184000,100,M,NAM,NAM
1556,SE,146000,0,M,NAM,NAM
1557,SE,102000,0,M,NAM,NAM
1558,SE,169000,0,M,NAM,NAM
1559,SE,110600,0,M,NAM,NAM
1560,SE,230000,100,M,NAM,NAM
1561,SE,196000,100,M,NAM,NAM
1562,SE,135000,0,M,NAM,NAM
1563,SE,100000,0,M,NAM,NAM
1564,MI,80000,0,M,NAM,NAM
1565,MI,65000,0,M,NAM,NAM
1566,SE,135000,0,M,NAM,NAM
1567,SE,100000,0,M,NAM,NAM
1568,SE,61566,100,M,EU,EU
1569,SE,43096,100,M,EU,EU
1570,MI,175000,100,M,NAM,NAM
1571,MI,135000,100,M,NAM,NAM
1572,EN,80000,0,M,NAM,NAM
1573,SE,231250,100,M,NAM,NAM
1574,SE,138750,100,M,NAM,NAM
1575,SE,193750,100,M,NAM,NAM
1576,SE,116250,100,M,NAM,NAM
1577,SE,231250,100,M,NAM,NAM
1578,SE,138750,100,M,NAM,NAM
1579,SE,231250,100,M,NAM,NAM
1580,SE,138750,100,M,NAM,NAM
1581,SE,231250,100,M,NAM,NAM
1582,SE,138750,100,M,NAM,NAM
1583,SE,193750,100,M,NAM,NAM
1584,SE,116250,100,M,NAM,NAM
1585,SE,208000,100,M,NAM,NAM
1586,SE,127000,100,M,NAM,NAM
1587,SE,300000,100,M,NAM,NAM
1588,SE,196000,100,M,NAM,NAM
1589,SE,204500,0,M,NAM,NAM
1590,SE,142200,0,M,NAM,NAM
1591,MI,45555,50,M,NAM,OC
1592,SE,185900,0,M,NAM,NAM
1593,SE,129300,0,M,NAM,NAM
1594,SE,47280,0,M,EU,EU
1595,SE,37824,0,M,EU,EU
1596,SE,204500,0,M,NAM,NAM
1597,SE,142200,0,M,NAM,NAM
1598,SE,205000,100,M,NAM,NAM
1599,SE,185000,100,M,NAM,NAM
1600,SE,185900,0,M,NAM,NAM
1601,SE,129300,0,M,NAM,NAM
1602,SE,247500,0,M,NAM,NAM
1603,SE,172200,0,M,NAM,NAM
1604,EN,160000,0,M,NAM,NAM
1605,EN,135000,0,M,NAM,NAM
1606,MI,150000,0,M,NAM,NAM
1607,MI,100000,0,M,NAM,NAM
1608,SE,110000,0,M,NAM,NAM
1609,SE,95000,0,M,NAM,NAM
1610,SE,185900,0,M,NAM,NAM
1611,SE,129300,0,M,NAM,NAM
1612,SE,205000,100,M,NAM,NAM
1613,SE,184000,100,M,NAM,NAM
1614,EN,17684,100,M,EU,EU
1615,SE,375000,50,L,NAM,NAM
1616,SE,191200,0,M,NAM,NAM
1617,SE,130000,0,M,NAM,NAM
1618,SE,225000,0,M,NAM,NAM
1619,SE,156400,0,M,NAM,NAM
1620,SE,169000,0,M,NAM,NAM
1621,SE,110600,0,M,NAM,NAM
1622,SE,204500,0,M,NAM,NAM
1623,SE,142200,0,M,NAM,NAM
1624,MI,104663,0,M,EU,EU
1625,MI,80036,0,M,EU,EU
1626,SE,185900,0,M,NAM,NAM
1627,SE,129300,0,M,NAM,NAM
1628,SE,140700,0,M,NAM,NAM
1629,SE,93800,0,M,NAM,NAM
1630,SE,350000,100,M,NAM,NAM
1631,SE,135000,100,M,NAM,NAM
1632,SE,115934,100,M,NAM,NAM
1633,SE,81666,100,M,NAM,NAM
1634,EN,12000,100,L,NAM,NAM
1635,MI,104697,100,L,EU,EU
1636,EN,33000,100,S,EU,EU
1637,EN,34672,100,S,EU,EU
1638,SE,201000,0,M,NAM,NAM
1639,SE,119000,0,M,NAM,NAM
1640,SE,175000,100,M,NAM,NAM
1641,SE,150000,100,M,NAM,NAM
1642,SE,154560,0,M,NAM,NAM
1643,SE,123648,0,M,NAM,NAM
1644,SE,130000,0,M,NAM,NAM
1645,SE,100000,0,M,NAM,NAM
1646,MI,170000,0,M,NAM,NAM
1647,MI,145000,0,M,NAM,NAM
1648,SE,135000,100,M,NAM,NAM
1649,SE,100000,100,M,NAM,NAM
1650,SE,247500,0,M,NAM,NAM
1651,SE,172200,0,M,NAM,NAM
1652,SE,177500,100,M,NAM,NAM
1653,SE,134000,100,M,NAM,NAM
1654,SE,185900,0,M,NAM,NAM
1655,SE,129300,0,M,NAM,NAM
1656,SE,192564,100,M,NAM,NAM
1657,SE,144854,100,M,NAM,NAM
1658,SE,130000,0,M,NAM,NAM
1659,SE,105000,0,M,NAM,NAM
1660,SE,179305,100,M,NAM,NAM
1661,SE,142127,100,M,NAM,NAM
1662,SE,315000,100,M,NAM,NAM
1663,SE,225000,100,M,NAM,NAM
1664,SE,243900,100,M,NAM,NAM
1665,SE,156600,100,M,NAM,NAM
1666,MI,206000,0,M,NAM,NAM
1667,MI,160000,0,M,NAM,NAM
1668,MI,109000,0,M,NAM,NAM
1669,MI,79000,0,M,NAM,NAM
1670,MI,160000,0,M,NAM,NAM
1671,MI,109000,0,M,NAM,NAM
1672,MI,89306,50,L,EU,EU
1673,SE,182500,100,M,NAM,NAM
1674,SE,128500,100,M,NAM,NAM
1675,MI,160000,100,M,NAM,NAM
1676,MI,90000,100,M,NAM,NAM
1677,EN,77300,100,M,NAM,NAM
1678,EN,45600,100,M,NAM,NAM
1679,SE,127000,100,M,NAM,NAM
1680,SE,110000,100,M,NAM,NAM
1681,SE,210000,100,M,NAM,NAM
1682,SE,136000,100,M,NAM,NAM
1683,SE,12608,100,S,EU,EU
1684,SE,170000,100,M,NAM,NAM
1685,SE,140000,100,M,NAM,NAM
1686,SE,247500,0,M,NAM,NAM
1687,SE,172200,0,M,NAM,NAM
1688,SE,225000,0,M,NAM,NAM
1689,SE,184100,0,M,NAM,NAM
1690,MI,130000,0,M,NAM,NAM
1691,MI,90000,0,M,NAM,NAM
1692,MI,120000,100,M,NAM,NAM
1693,MI,100000,100,M,NAM,NAM
1694,MI,85000,100,M,NAM,NAM
1695,MI,78000,100,M,NAM,NAM
1696,SE,161000,100,M,NAM,NAM
1697,SE,110000,100,M,NAM,NAM
1698,SE,136000,100,M,NAM,NAM
1699,SE,104000,100,M,NAM,NAM
1700,SE,47280,0,M,EU,EU
1701,SE,37824,0,M,EU,EU
1702,EX,205000,0,M,NAM,NAM
1703,EX,160000,0,M,NAM,NAM
1704,SE,169000,0,M,NAM,NAM
1705,SE,110600,0,M,NAM,NAM
1706,EN,61566,100,M,EU,EU
1707,EN,49253,100,M,EU,EU
1708,SE,160000,0,M,NAM,NAM
1709,SE,130000,0,M,NAM,NAM
1710,SE,245000,0,M,NAM,NAM
1711,SE,180000,0,M,NAM,NAM
1712,SE,135000,0,M,NAM,NAM
1713,SE,100000,0,M,NAM,NAM
1714,SE,220000,0,M,NAM,NAM
1715,SE,150000,0,M,NAM,NAM
1716,SE,198440,0,L,NAM,NAM
1717,SE,144000,0,L,NAM,NAM
1718,SE,240000,0,M,NAM,NAM
1719,SE,170000,0,M,NAM,NAM
1720,SE,198440,0,M,NAM,NAM
1721,SE,144000,0,M,NAM,NAM
1722,MI,150000,100,M,NAM,NAM
1723,MI,100000,100,M,NAM,NAM
1724,SE,120000,0,M,NAM,NAM
1725,SE,95000,0,M,NAM,NAM
1726,MI,57872,50,M,EU,EU
1727,EN,64000,100,L,NAM,NAM
1728,EN,39925,50,L,EU,EU
1729,SE,187200,100,M,NAM,NAM
1730,SE,116100,100,M,NAM,NAM
1731,SE,150000,0,M,NAM,NAM
1732,SE,127000,0,M,NAM,NAM
1733,SE,275000,100,M,NAM,NAM
1734,SE,166000,100,M,NAM,NAM
1735,SE,159699,0,M,NAM,NAM
1736,SE,138938,0,M,NAM,NAM
1737,EN,76000,50,L,NAM,NAM
1738,SE,166700,0,M,NAM,NAM
1739,SE,119000,0,M,NAM,NAM
1740,SE,130000,0,M,NAM,NAM
1741,SE,100000,0,M,NAM,NAM
1742,SE,103432,0,M,EU,EU
1743,SE,92350,0,M,EU,EU
1744,SE,80000,0,M,NAM,NAM
1745,SE,52500,0,M,NAM,NAM
1746,SE,236000,100,M,NAM,NAM
1747,SE,182000,100,M,NAM,NAM
1748,SE,180000,100,M,NAM,NAM
1749,SE,140000,100,M,NAM,NAM
1750,SE,225000,0,M,NAM,NAM
1751,SE,156400,0,M,NAM,NAM
1752,SE,135000,100,M,NAM,NAM
1753,SE,100000,100,M,NAM,NAM
1754,SE,204500,0,M,NAM,NAM
1755,SE,142200,0,M,NAM,NAM
1756,MI,240000,100,M,NAM,NAM
1757,EN,125404,50,S,NAM,AS
1758,SE,300000,0,M,NAM,NAM
1759,SE,130000,0,M,NAM,NAM
1760,SE,195000,100,M,NAM,NAM
1761,SE,175000,100,M,NAM,NAM
1762,SE,155000,0,M,NAM,NAM
1763,SE,110000,0,M,NAM,NAM
1764,SE,123000,0,M,NAM,NAM
1765,SE,92250,0,M,NAM,NAM
1766,SE,170000,0,M,NAM,NAM
1767,SE,150000,0,M,NAM,NAM
1768,MI,180000,100,M,NAM,NAM
1769,MI,100000,100,M,NAM,NAM
1770,SE,97000,100,M,NAM,NAM
1771,SE,90000,100,M,NAM,NAM
1772,SE,200000,0,M,NAM,NAM
1773,SE,160000,0,M,NAM,NAM
1774,SE,210000,100,M,NAM,NAM
1775,SE,180000,100,M,NAM,NAM
1776,SE,260000,0,M,NAM,NAM
1777,SE,180000,0,M,NAM,NAM
1778,EX,210000,100,M,NAM,NAM
1779,EX,157000,100,M,NAM,NAM
1780,EN,180000,100,M,NAM,NAM
1781,EN,100000,100,M,NAM,NAM
1782,MI,80000,0,M,NAM,NAM
1783,MI,52500,0,M,NAM,NAM
1784,SE,128000,0,M,NAM,NAM
1785,SE,81500,0,M,NAM,NAM
1786,SE,105000,0,M,NAM,NAM
1787,SE,70000,0,M,NAM,NAM
1788,SE,175000,0,M,NAM,NAM
1789,SE,122500,0,M,NAM,NAM
1790,SE,171000,0,M,NAM,NAM
1791,SE,117000,0,M,NAM,NAM
1792,SE,202800,0,L,NAM,NAM
1793,SE,104300,0,L,NAM,NAM
1794,SE,50432,0,M,EU,EU
1795,SE,36773,0,M,EU,EU
1796,SE,197000,0,M,NAM,NAM
1797,SE,99000,0,M,NAM,NAM
1798,SE,160000,0,M,NAM,NAM
1799,SE,110000,0,M,NAM,NAM
1800,SE,185900,0,M,NAM,NAM
1801,SE,129300,0,M,NAM,NAM
1802,MI,30000,100,L,NAM,NAM
1803,MI,78000,100,M,SA,SA
1804,MI,48000,100,M,SA,SA
1805,SE,170000,0,M,NAM,NAM
1806,SE,130000,0,M,NAM,NAM
1807,SE,150000,0,M,NAM,NAM
1808,SE,95000,0,M,NAM,NAM
1809,MI,78000,100,M,SA,SA
1810,MI,42000,100,M,SA,SA
1811,SE,345600,0,M,NAM,NAM
1812,SE,230400,0,M,NAM,NAM
1813,SE,145000,0,M,NAM,NAM
1814,SE,115000,0,M,NAM,NAM
1815,MI,78000,100,M,SA,SA
1816,MI,48000,100,M,SA,SA
1817,SE,175950,100,M,NAM,NAM
1818,SE,130050,100,M,NAM,NAM
1819,SE,205600,0,L,NAM,NAM
1820,SE,105700,0,L,NAM,NAM
1821,SE,236600,100,M,NAM,NAM
1822,SE,89200,100,M,NAM,NAM
1823,MI,84000,100,M,SA,SA
1824,MI,54000,100,M,SA,SA
1825,EN,80000,100,L,NAM,NAM
1826,SE,200000,100,S,EU,EU
1827,EN,73742,100,L,NAM,NAM
1828,SE,165000,50,S,NAM,NAM
1829,EN,33246,50,L,EU,EU
1830,SE,185900,0,M,NAM,NAM
1831,SE,129300,0,M,NAM,NAM
1832,SE,169000,0,M,NAM,NAM
1833,SE,110600,0,M,NAM,NAM
1834,EN,5409,50,L,AS,AS
1835,MI,75050,50,L,OC,OC
1836,SE,225000,0,M,NAM,NAM
1837,SE,184100,0,M,NAM,NAM
1838,SE,185900,0,M,NAM,NAM
1839,SE,129300,0,M,NAM,NAM
1840,SE,225000,0,M,NAM,NAM
1841,SE,156400,0,M,NAM,NAM
1842,SE,185900,0,M,NAM,NAM
1843,SE,129300,0,M,NAM,NAM
1844,EN,108000,0,S,NAM,NAM
1845,SE,8000,100,L,AS,AS
1846,SE,155000,100,M,NAM,NAM
1847,SE,38000,100,M,NAM,NAM
1848,MI,85000,0,M,NAM,NAM
1849,MI,65000,0,M,NAM,NAM
1850,SE,155000,100,M,NAM,NAM
1851,SE,38000,100,M,NAM,NAM
1852,MI,110820,0,M,EU,EU
1853,MI,92350,0,M,EU,EU
1854,SE,153600,100,M,NAM,NAM
1855,SE,106800,100,M,NAM,NAM
1856,SE,185000,100,M,NAM,NAM
1857,SE,50000,100,M,NAM,NAM
1858,SE,185900,0,M,NAM,NAM
1859,SE,129300,0,M,NAM,NAM
1860,SE,155000,100,M,NAM,NAM
1861,SE,38000,100,M,NAM,NAM
1862,SE,168000,100,M,NAM,NAM
1863,SE,130000,100,M,NAM,NAM
1864,SE,123400,0,M,NAM,NAM
1865,SE,88100,0,M,NAM,NAM
1866,SE,120000,100,S,NAM,NAM
1867,SE,55000,100,S,NAM,NAM
1868,SE,185900,0,M,NAM,NAM
1869,SE,129300,0,M,NAM,NAM
1870,SE,191200,0,M,NAM,NAM
1871,SE,130000,0,M,NAM,NAM
1872,SE,169000,0,M,NAM,NAM
1873,SE,110600,0,M,NAM,NAM
1874,SE,150000,0,M,NAM,NAM
1875,SE,120000,0,M,NAM,NAM
1876,SE,139000,0,M,NAM,NAM
1877,SE,122000,0,M,NAM,NAM
1878,SE,185900,0,M,NAM,NAM
1879,SE,129300,0,M,NAM,NAM
1880,SE,139600,0,M,NAM,NAM
1881,SE,85700,0,M,NAM,NAM
1882,SE,185000,100,M,NAM,NAM
1883,SE,50000,100,M,NAM,NAM
1884,SE,185900,0,M,NAM,NAM
1885,SE,129300,0,M,NAM,NAM
1886,SE,225000,0,M,NAM,NAM
1887,SE,156400,0,M,NAM,NAM
1888,SE,200000,100,M,NAM,NAM
1889,SE,175000,100,M,NAM,NAM
1890,SE,185900,0,M,NAM,NAM
1891,SE,129300,0,M,NAM,NAM
1892,MI,148500,100,L,NAM,NAM
1893,MI,98200,100,L,NAM,NAM
1894,SE,115000,100,M,NAM,NAM
1895,SE,95000,100,M,NAM,NAM
1896,SE,225000,100,M,NAM,NAM
1897,SE,66000,100,M,NAM,NAM
1898,SE,185000,100,M,NAM,NAM
1899,SE,50000,100,M,NAM,NAM
1900,SE,47280,0,M,EU,EU
1901,SE,37824,0,M,EU,EU
1902,MI,134000,0,M,NAM,NAM
1903,MI,98000,0,M,NAM,NAM
1904,MI,105000,0,M,NAM,NAM
1905,MI,62000,0,M,NAM,NAM
1906,EN,57000,100,L,NAM,NAM
1907,SE,161311,50,M,NAM,NAM
1908,MI,144200,100,M,NAM,NAM
1909,MI,115360,100,M,NAM,NAM
1910,MI,83171,0,L,OC,OC
1911,SE,38154,100,L,AS,AS
1912,SE,73546,0,M,EU,EU
1913,SE,42026,0,M,EU,EU
1914,SE,170000,100,M,NAM,NAM
1915,SE,150000,100,M,NAM,NAM
1916,SE,180000,100,M,NAM,NAM
1917,SE,160000,100,M,NAM,NAM
1918,MI,108000,50,L,NAM,NAM
1919,SE,200000,100,M,NAM,NAM
1920,SE,150000,100,M,NAM,NAM
1921,EX,125976,50,L,NAM,NAM
1922,SE,188700,100,M,NAM,NAM
1923,SE,160395,100,M,NAM,NAM
1924,SE,115934,100,M,NAM,NAM
1925,SE,81666,100,M,NAM,NAM
1926,SE,300000,0,M,NAM,NAM
1927,SE,225000,0,M,NAM,NAM
1928,SE,198440,100,M,NAM,NAM
1929,SE,144000,100,M,NAM,NAM
1930,SE,191475,100,M,NAM,NAM
1931,SE,141525,100,M,NAM,NAM
1932,SE,50432,0,M,EU,EU
1933,SE,36773,0,M,EU,EU
1934,MI,75648,100,S,EU,EU
1935,SE,156868,100,L,NAM,NAM
1936,SE,200000,100,S,AF,AF
1937,SE,198440,0,L,NAM,NAM
1938,SE,144000,0,L,NAM,NAM
1939,SE,69344,100,L,EU,EU
1940,MI,5132,100,M,EU,EU
1941,SE,90000,100,M,NAM,NAM
1942,MI,126080,0,S,EU,EU
1943,MI,84053,0,S,EU,EU
1944,SE,200000,100,M,NAM,NAM
1945,SE,180000,100,M,NAM,NAM
1946,MI,108000,100,M,NAM,NAM
1947,MI,85000,100,M,NAM,NAM
1948,SE,210000,100,M,NAM,NAM
1949,SE,180000,100,M,NAM,NAM
1950,SE,165000,100,M,NAM,NAM
1951,SE,132000,100,M,NAM,NAM
1952,SE,130000,100,M,NAM,NAM
1953,SE,110000,100,M,NAM,NAM
1954,MI,45050,50,L,OC,OC
1955,EN,42028,50,L,OC,OC
1956,MI,135000,100,L,NAM,NAM
1957,SE,178800,100,L,NAM,NAM
1958,SE,132100,100,L,NAM,NAM
1959,EN,20000,50,M,NAM,NAM
1960,SE,140000,0,M,NAM,NAM
1961,SE,110000,0,M,NAM,NAM
1962,SE,160000,100,M,NAM,NAM
1963,SE,85000,100,M,NAM,NAM
1964,SE,250000,100,M,NAM,NAM
1965,SE,63000,100,M,NAM,NAM
1966,EX,187200,100,M,NAM,NAM
1967,EX,116100,100,M,NAM,NAM
1968,MI,10000,0,M,AS,AS
1969,MI,10000,0,M,AS,EU
1970,MI,10000,0,M,EU,AS
1971,MI,10000,0,M,EU,EU
1972,SE,200000,100,M,NAM,NAM
1973,SE,145000,100,M,NAM,NAM
1974,SE,229998,0,L,NAM,NAM
1975,SE,154545,0,L,NAM,NAM
1976,SE,215000,0,L,NAM,NAM
1977,SE,159000,0,L,NAM,NAM
1978,SE,229998,0,L,NAM,NAM
1979,SE,154545,0,L,NAM,NAM
1980,EN,50000,100,M,NAM,NAM
1981,SE,183000,100,L,NAM,NAM
1982,SE,99750,100,M,NAM,NAM
1983,SE,68400,100,M,NAM,NAM
1984,SE,236900,100,L,NAM,NAM
1985,SE,159200,100,L,NAM,NAM
1986,SE,243225,100,M,NAM,NAM
1987,SE,179775,100,M,NAM,NAM
1988,SE,175000,100,M,NAM,NAM
1989,SE,150000,100,M,NAM,NAM
1990,SE,210000,100,M,NAM,NAM
1991,SE,180000,100,M,NAM,NAM
1992,SE,148000,100,M,NAM,NAM
1993,SE,128000,100,M,NAM,NAM
1994,SE,190000,100,M,NAM,NAM
1995,SE,135000,100,M,NAM,NAM
1996,SE,130000,100,M,NAM,NAM
1997,SE,110000,100,M,NAM,NAM
1998,SE,191475,100,M,NAM,NAM
1999,SE,141525,100,M,NAM,NAM
2000,SE,160000,100,M,NAM,NAM
2001,SE,85000,100,M,NAM,NAM
2002,SE,218000,0,M,NAM,NAM
2003,SE,145300,0,M,NAM,NAM
2004,SE,195400,100,L,NAM,NAM
2005,SE,131300,100,L,NAM,NAM
2006,EN,105000,100,L,NAM,SA
2007,SE,191475,100,M,NAM,NAM
2008,SE,141525,100,M,NAM,NAM
2009,SE,207000,100,M,NAM,NAM
2010,SE,153000,100,M,NAM,NAM
2011,SE,191475,100,M,NAM,NAM
2012,SE,141525,100,M,NAM,NAM
2013,SE,110000,0,M,NAM,NAM
2014,SE,99000,0,M,NAM,NAM
2015,SE,191475,100,M,NAM,NAM
2016,SE,141525,100,M,NAM,NAM
2017,SE,191475,100,M,NAM,NAM
2018,SE,141525,100,M,NAM,NAM
2019,SE,191475,100,M,NAM,NAM
2020,SE,141525,100,M,NAM,NAM
2021,SE,200000,100,M,NAM,NAM
2022,SE,135000,100,M,NAM,NAM
2023,SE,207000,100,M,NAM,NAM
2024,SE,153000,100,M,NAM,NAM
2025,SE,191475,100,M,NAM,NAM
2026,SE,141525,100,M,NAM,NAM
2027,SE,191475,100,M,NAM,NAM
2028,SE,141525,100,M,NAM,NAM
2029,SE,191475,100,M,NAM,NAM
2030,SE,141525,100,M,NAM,NAM
2031,SE,195700,0,M,NAM,NAM
2032,SE,130500,0,M,NAM,NAM
2033,SE,130000,100,M,NAM,NAM
2034,SE,84000,100,M,NAM,NAM
2035,MI,100000,100,M,NAM,NAM
2036,MI,60000,100,M,NAM,NAM
2037,MI,80036,100,M,EU,EU
2038,MI,67723,100,M,EU,EU
2039,SE,141300,0,M,NAM,NAM
2040,SE,102100,0,M,NAM,NAM
2041,SE,50432,0,M,EU,EU
2042,SE,36773,0,M,EU,EU
2043,MI,150000,100,L,NAM,NAM
2044,MI,102200,100,M,EU,EU
2045,EN,22892,50,M,AS,AS
2046,SE,144000,100,M,NAM,NAM
2047,SE,113000,100,M,NAM,NAM
2048,EN,31520,100,M,EU,EU
2049,SE,195400,100,L,NAM,NAM
2050,SE,131300,100,L,NAM,NAM
2051,SE,195400,100,L,NAM,NAM
2052,SE,131300,100,L,NAM,NAM
2053,SE,195400,100,L,NAM,NAM
2054,SE,131300,100,L,NAM,NAM
2055,SE,190000,100,M,NAM,NAM
2056,SE,135000,100,M,NAM,NAM
2057,SE,135000,100,M,NAM,NAM
2058,SE,80000,100,M,NAM,NAM
2059,EN,8050,100,M,AS,AS
2060,SE,160000,100,M,NAM,NAM
2061,SE,85000,100,M,NAM,NAM
2062,SE,178800,100,L,NAM,NAM
2063,SE,132100,100,L,NAM,NAM
2064,MI,60000,100,S,NAM,AS
2065,SE,63040,50,S,EU,EU
2066,EN,50000,100,L,OC,AS
2067,SE,140000,100,M,NAM,NAM
2068,SE,105000,100,M,NAM,NAM
2069,MI,80036,100,M,EU,EU
2070,MI,67723,100,M,EU,EU
2071,SE,190000,100,M,NAM,NAM
2072,SE,140000,100,M,NAM,NAM
2073,MI,100000,100,M,NAM,NAM
2074,MI,60000,100,M,NAM,NAM
2075,SE,180000,100,L,NAM,NAM
2076,SE,165000,100,L,NAM,NAM
2077,SE,108000,0,L,NAM,NAM
2078,EN,20000,50,M,EU,EU
2079,SE,190000,100,M,NAM,NAM
2080,SE,135000,100,M,NAM,NAM
2081,SE,179400,0,M,NAM,NAM
2082,SE,154000,0,M,NAM,NAM
2083,SE,193900,0,M,NAM,NAM
2084,SE,129300,0,M,NAM,NAM
2085,EX,222640,0,M,NAM,NAM
2086,EX,182160,0,M,NAM,NAM
2087,MI,150000,0,M,NAM,NAM
2088,MI,100000,0,M,NAM,NAM
2089,SE,122500,100,M,NAM,NAM
2090,SE,100000,100,M,NAM,NAM
2091,EX,297500,100,M,NAM,NAM
2092,EX,260000,100,M,NAM,NAM
2093,EN,15000,100,L,AS,AS
2094,SE,193000,100,M,NAM,EU
2095,EN,93000,0,M,NAM,NAM
2096,EN,73000,0,M,NAM,NAM
2097,MI,100000,100,M,NAM,NAM
2098,MI,60000,100,M,NAM,NAM
2099,EN,7799,100,L,SA,SA
2100,SE,136994,100,M,NAM,NAM
2101,SE,101570,100,M,NAM,NAM
2102,SE,250000,100,M,NAM,NAM
2103,SE,63000,100,M,NAM,NAM
2104,MI,134000,0,M,NAM,NAM
2105,MI,98000,0,M,NAM,NAM
2106,SE,191475,100,M,NAM,NAM
2107,SE,141525,100,M,NAM,NAM
2108,SE,57786,50,L,EU,EU
2109,MI,136000,100,M,NAM,NAM
2110,MI,112000,100,M,NAM,NAM
2111,SE,172000,100,M,NAM,NAM
2112,SE,140000,100,M,NAM,NAM
2113,SE,215000,0,M,NAM,NAM
2114,SE,164000,0,M,NAM,NAM
2115,SE,300000,0,M,NAM,NAM
2116,SE,130000,0,M,NAM,NAM
2117,SE,250000,100,M,NAM,NAM
2118,SE,63000,100,M,NAM,NAM
2119,SE,180000,100,M,NAM,NAM
2120,SE,150000,100,M,NAM,NAM
2121,EN,45390,50,L,EU,EU
2122,SE,250000,100,M,NAM,NAM
2123,SE,63000,100,M,NAM,NAM
2124,SE,191475,100,M,NAM,NAM
2125,SE,141525,100,M,NAM,NAM
2126,MI,97500,100,L,NAM,NAM
2127,SE,212800,100,M,NAM,NAM
2128,SE,142800,100,M,NAM,NAM
2129,MI,73546,50,L,EU,EU
2130,EN,50000,50,M,EU,NAM
2131,EN,6359,100,L,AS,EU
2132,SE,151800,0,M,NAM,NAM
2133,SE,130240,0,M,NAM,NAM
2134,SE,165000,100,M,NAM,NAM
2135,SE,140250,100,M,NAM,NAM
2136,SE,135000,0,M,NAM,NAM
2137,SE,115000,0,M,NAM,NAM
2138,SE,179400,100,M,NAM,NAM
2139,SE,154000,100,M,NAM,NAM
2140,SE,191475,100,M,NAM,NAM
2141,SE,141525,100,M,NAM,NAM
2142,SE,191475,100,M,NAM,NAM
2143,SE,141525,100,M,NAM,NAM
2144,SE,191475,100,M,NAM,NAM
2145,SE,141525,100,M,NAM,NAM
2146,MI,75000,0,M,NAM,NAM
2147,MI,84053,100,M,EU,EU
2148,MI,73546,100,M,EU,EU
2149,MI,98506,100,M,EU,EU
2150,MI,86193,100,M,EU,EU
2151,MI,84053,100,M,EU,EU
2152,MI,73546,100,M,EU,EU
2153,SE,191475,100,M,NAM,NAM
2154,SE,141525,100,M,NAM,NAM
2155,SE,191475,100,M,NAM,NAM
2156,SE,141525,100,M,NAM,NAM
2157,SE,102663,100,M,EU,EU
2158,SE,80041,100,M,EU,EU
2159,SE,191475,100,M,NAM,NAM
2160,SE,141525,100,M,NAM,NAM
2161,SE,104611,100,M,EU,EU
2162,SE,82280,100,M,EU,EU
2163,SE,191475,100,M,NAM,NAM
2164,SE,141525,100,M,NAM,NAM
2165,SE,191475,0,M,NAM,NAM
2166,SE,141525,0,M,NAM,NAM
2167,SE,115000,0,L,NAM,NAM
2168,EN,31520,50,M,EU,EU
2169,SE,81000,100,M,NAM,NAM
2170,SE,66000,100,M,NAM,NAM
2171,EN,46000,100,L,NAM,NAM
2172,EN,80000,100,L,NAM,NAM
2173,EX,200000,100,S,NAM,NAM
2174,EX,180000,100,S,NAM,NAM
2175,EX,200000,100,S,NAM,NAM
2176,SE,204100,0,M,NAM,NAM
2177,SE,136100,0,M,NAM,NAM
2178,SE,250000,0,M,NAM,NAM
2179,SE,63000,0,M,NAM,NAM
2180,MI,118208,0,M,EU,EU
2181,MI,110820,0,M,EU,EU
2182,EN,19073,50,L,EU,EU
2183,SE,191475,100,M,NAM,NAM
2184,SE,141525,100,M,NAM,NAM
2185,SE,191475,100,M,NAM,NAM
2186,SE,141525,100,M,NAM,NAM
2187,SE,191475,100,M,NAM,NAM
2188,SE,141525,100,M,NAM,NAM
2189,SE,95000,100,M,NAM,NAM
2190,SE,70000,100,M,NAM,NAM
2191,MI,75000,100,M,NAM,SA
2192,MI,7500,50,M,SA,SA
2193,MI,113000,0,L,NAM,NAM
2194,SE,170000,100,M,NAM,NAM
2195,SE,130000,100,M,NAM,NAM
2196,MI,113000,100,L,NAM,NAM
2197,MI,140000,100,M,NAM,NAM
2198,SE,50000,100,S,AS,AS
2199,MI,53368,100,M,OC,OC
2200,SE,175000,0,M,NAM,NAM
2201,SE,140000,0,M,NAM,NAM
2202,SE,29944,50,S,EU,EU
2203,SE,250000,0,M,NAM,NAM
2204,SE,63000,0,M,NAM,NAM
2205,SE,160000,0,L,NAM,NAM
2206,SE,119300,0,L,NAM,NAM
2207,MI,145000,50,L,NAM,NAM
2208,SE,105000,0,M,NAM,NAM
2209,SE,90000,0,M,NAM,NAM
2210,SE,146200,100,M,NAM,NAM
2211,SE,124270,100,M,NAM,NAM
2212,MI,225000,0,M,NAM,NAM
2213,MI,160000,0,M,NAM,NAM
2214,MI,54634,100,S,EU,EU
2215,SE,185800,100,M,NAM,NAM
2216,SE,137400,100,M,NAM,NAM
2217,SE,245000,0,M,NAM,NAM
2218,SE,180000,0,M,NAM,NAM
2219,SE,203500,0,M,NAM,NAM
2220,SE,152000,0,M,NAM,NAM
2221,SE,250000,0,M,NAM,NAM
2222,SE,63000,0,M,NAM,NAM
2223,SE,186000,100,M,NAM,NAM
2224,SE,148800,100,M,NAM,NAM
2225,SE,95386,50,L,AS,AS
2226,MI,128058,50,L,EU,EU
2227,EN,82000,0,L,NAM,NAM
2228,EN,110000,100,M,EU,NAM
2229,MI,173000,50,M,NAM,NAM
2230,SE,203500,0,M,NAM,NAM
2231,SE,152000,0,M,NAM,NAM
2232,SE,186000,100,M,NAM,NAM
2233,SE,148800,100,M,NAM,NAM
2234,EN,6270,100,L,SA,SA
2235,MI,158000,100,M,NAM,NAM
2236,MI,134000,100,M,NAM,NAM
2237,SE,170000,100,M,NAM,NAM
2238,SE,120000,100,M,NAM,NAM
2239,EX,200000,100,M,NAM,NAM
2240,EX,150000,100,M,NAM,NAM
2241,SE,216200,0,M,NAM,NAM
2242,SE,144100,0,M,NAM,NAM
2243,MI,115573,0,M,EU,EU
2244,MI,89306,0,M,EU,EU
2245,SE,250000,0,M,NAM,NAM
2246,SE,63000,0,M,NAM,NAM
2247,SE,135000,100,M,NAM,NAM
2248,SE,85000,100,M,NAM,NAM
2249,SE,135000,100,M,NAM,NAM
2250,SE,85000,100,M,NAM,NAM
2251,SE,206000,100,M,NAM,NAM
2252,SE,175100,100,M,NAM,NAM
2253,SE,189650,0,M,NAM,NAM
2254,SE,164996,0,M,NAM,NAM
2255,SE,149040,100,M,NAM,NAM
2256,SE,113900,100,M,NAM,NAM
2257,SE,154000,100,M,NAM,NAM
2258,SE,126000,100,M,NAM,NAM
2259,SE,200000,100,L,NAM,NAM
2260,SE,150000,100,L,NAM,NAM
2261,SE,195700,0,M,NAM,NAM
2262,SE,130500,0,M,NAM,NAM
2263,SE,170000,100,M,NAM,NAM
2264,SE,135000,100,M,NAM,NAM
2265,MI,98506,0,M,EU,EU
2266,MI,73880,0,M,EU,EU
2267,SE,117000,100,M,NAM,NAM
2268,SE,99450,100,M,NAM,NAM
2269,SE,200000,100,M,NAM,NAM
2270,SE,135000,100,M,NAM,NAM
2271,SE,193900,0,M,NAM,NAM
2272,SE,129300,0,M,NAM,NAM
2273,EN,55410,100,S,EU,EU
2274,SE,86193,0,M,EU,EU
2275,SE,61566,0,M,EU,EU
2276,SE,175000,100,M,NAM,NAM
2277,SE,130000,100,M,NAM,NAM
2278,SE,188100,0,M,NAM,NAM
2279,SE,139860,0,M,NAM,NAM
2280,SE,248700,0,M,NAM,NAM
2281,SE,167100,0,M,NAM,NAM
2282,MI,5723,100,S,AS,AS
2283,SE,123400,0,M,NAM,NAM
2284,SE,88100,0,M,NAM,NAM
2285,MI,50432,100,S,EU,EU
2286,SE,245000,0,M,NAM,NAM
2287,SE,205000,0,M,NAM,NAM
2288,SE,141300,0,M,NAM,NAM
2289,SE,102100,0,M,NAM,NAM
2290,SE,141300,0,M,NAM,NAM
2291,SE,102100,0,M,NAM,NAM
2292,EN,50000,100,L,SA,SA
2293,EN,84053,100,L,EU,EU
2294,MI,61566,50,S,EU,EU
2295,SE,250000,0,M,NAM,NAM
2296,SE,63000,0,M,NAM,NAM
2297,SE,189500,100,L,NAM,NAM
2298,SE,140100,100,L,NAM,NAM
2299,SE,177600,100,L,NAM,NAM
2300,SE,131300,100,L,NAM,NAM
2301,MI,24000,0,M,NAM,NAM
2302,MI,24000,0,M,NAM,NAM
2303,SE,250000,0,M,NAM,NAM
2304,SE,63000,0,M,NAM,NAM
2305,SE,202900,100,L,NAM,NAM
2306,SE,131300,100,L,NAM,NAM
2307,SE,145000,100,M,NAM,NAM
2308,SE,115000,100,M,NAM,NAM
2309,EN,115000,50,L,NAM,NAM
2310,MI,193900,0,M,NAM,NAM
2311,MI,129300,0,M,NAM,NAM
2312,SE,180000,100,L,NAM,NAM
2313,SE,140000,100,L,NAM,NAM
2314,MI,216200,0,M,NAM,NAM
2315,MI,144100,0,M,NAM,NAM
2316,SE,216000,0,M,NAM,NAM
2317,SE,144000,0,M,NAM,NAM
2318,EN,150000,100,L,NAM,NAM
2319,EN,12171,100,M,AS,AS
2320,MI,53416,100,L,AS,AS
2321,EN,50000,50,M,EU,EU
2322,SE,250000,50,L,NAM,NAM
2323,EX,84053,0,L,EU,EU
2324,MI,131752,100,M,EU,EU
2325,SE,48000,100,S,NAM,SA
2326,EX,260500,0,M,NAM,NAM
2327,EX,175100,0,M,NAM,NAM
2328,SE,210000,100,M,NAM,NAM
2329,SE,100000,100,M,NAM,NAM
2330,EN,55000,100,S,NAM,NAM
2331,MI,130000,100,M,NAM,NAM
2332,SE,77119,100,L,EU,EU
2333,EN,52008,50,S,EU,EU
2334,MI,30523,100,S,AS,AS
2335,SE,206699,0,M,NAM,NAM
2336,SE,99100,0,M,NAM,NAM
2337,MI,200000,0,M,NAM,NAM
2338,MI,54000,0,M,NAM,NAM
2339,SE,250000,0,M,NAM,NAM
2340,SE,63000,0,M,NAM,NAM
2341,SE,250000,0,M,NAM,NAM
2342,SE,63000,0,M,NAM,NAM
2343,SE,250000,0,M,NAM,NAM
2344,SE,63000,0,M,NAM,NAM
2345,EN,130000,50,L,NAM,NAM
2346,SE,100000,0,L,NAM,NAM
2347,SE,80000,0,L,NAM,NAM
2348,SE,160000,0,L,NAM,NAM
2349,SE,100000,0,L,NAM,NAM
2350,SE,221300,100,L,NAM,NAM
2351,SE,148700,100,L,NAM,NAM
2352,EN,30000,100,L,EU,EU
2353,EN,28368,50,M,EU,EU
2354,MI,91118,0,M,EU,EU
2355,MI,61566,0,M,EU,EU
2356,MI,60938,100,S,EU,EU
2357,SE,249260,0,M,NAM,NAM
2358,SE,185400,0,M,NAM,NAM
2359,SE,170000,100,M,NAM,NAM
2360,SE,130000,100,M,NAM,NAM
2361,MI,80036,50,M,EU,EU
2362,SE,128875,100,M,NAM,NAM
2363,SE,93700,100,M,NAM,NAM
2364,SE,180000,100,M,NAM,NAM
2365,SE,100000,100,M,NAM,NAM
2366,SE,136260,100,M,NAM,NAM
2367,SE,109280,100,M,NAM,NAM
2368,SE,160000,100,L,NAM,NAM
2369,SE,92000,100,L,NAM,NAM
2370,SE,200000,100,M,NAM,NAM
2371,SE,160000,100,M,NAM,NAM
2372,MI,135446,0,M,EU,EU
2373,MI,104663,0,M,EU,EU
2374,SE,117000,100,M,NAM,NAM
2375,SE,99450,100,M,NAM,NAM
2376,EN,129000,100,L,NAM,NAM
2377,EN,86000,100,L,NAM,NAM
2378,EN,13493,100,L,AS,AS
2379,EN,13493,100,L,AS,AS
2380,SE,160000,0,L,NAM,NAM
2381,SE,119300,0,L,NAM,NAM
2382,SE,100000,100,L,NAM,NAM
2383,MI,25000,50,M,AS,AS
2384,MI,25000,50,M,AS,EU
2385,MI,25000,50,M,EU,AS
2386,MI,25000,50,M,EU,EU
2387,MI,65257,50,M,AS,AS
2388,MI,200000,100,M,NAM,NAM
2389,EN,180000,100,L,NAM,NAM
2390,MI,153000,100,L,NAM,NAM
2391,SE,210000,100,M,NAM,NAM
2392,SE,100000,100,M,NAM,NAM
2393,SE,150075,100,M,NAM,NAM
2394,SE,110925,100,M,NAM,NAM
2395,MI,22800,100,M,AF,AF
2396,MI,22800,100,M,AF,AS
2397,MI,22800,100,M,AS,AF
2398,MI,22800,100,M,AS,AS
2399,SE,160000,100,L,NAM,NAM
2400,SE,92000,100,L,NAM,NAM
2401,SE,202900,100,L,NAM,NAM
2402,SE,131300,100,L,NAM,NAM
2403,EN,22809,100,M,EU,EU
2404,EN,15000,0,L,AS,AS
2405,SE,175000,100,M,NAM,NAM
2406,SE,135000,100,M,NAM,NAM
2407,SE,133766,100,L,OC,OC
2408,EN,83000,0,L,NAM,NAM
2409,MI,92350,100,M,EU,EU
2410,MI,67723,100,M,EU,EU
2411,SE,186000,0,M,NAM,NAM
2412,SE,148800,0,M,NAM,NAM
2413,SE,112900,0,M,NAM,NAM
2414,SE,90320,0,M,NAM,NAM
2415,SE,240000,0,M,NAM,NAM
2416,SE,160000,0,M,NAM,NAM
2417,SE,300000,100,M,NAM,NAM
2418,SE,200000,100,M,NAM,NAM
2419,MI,65666,50,S,EU,EU
2420,MI,200000,100,L,NAM,AS
2421,MI,116976,0,M,EU,EU
2422,MI,92350,0,M,EU,EU
2423,MI,120000,0,M,NAM,NAM
2424,SE,112900,100,M,NAM,NAM
2425,SE,90320,100,M,NAM,NAM
2426,SE,145000,100,M,NAM,NAM
2427,SE,105400,100,M,NAM,NAM
2428,EN,49268,0,S,EU,EU
2429,MI,110820,0,M,EU,EU
2430,MI,92350,0,M,EU,EU
2431,SE,215300,100,L,NAM,NAM
2432,SE,158200,100,L,NAM,NAM
2433,SE,209100,100,L,NAM,NAM
2434,SE,154600,100,L,NAM,NAM
2435,SE,115934,0,M,NAM,NAM
2436,SE,81666,0,M,NAM,NAM
2437,SE,175000,100,M,NAM,NAM
2438,SE,155000,100,M,NAM,NAM
2439,MI,84053,100,M,EU,EU
2440,SE,164000,0,M,NAM,NAM
2441,SE,132000,0,M,NAM,NAM
2442,SE,170000,100,M,NAM,NAM
2443,SE,123000,100,M,NAM,NAM
2444,SE,189650,0,M,NAM,NAM
2445,SE,164996,0,M,NAM,NAM
2446,MI,52533,0,M,EU,EU
2447,MI,52533,0,M,EU,EU
2448,EX,115222,100,S,NAM,NAM
2449,SE,165400,100,M,NAM,NAM
2450,SE,132320,100,M,NAM,NAM
2451,SE,208775,100,M,NAM,NAM
2452,SE,147800,100,M,NAM,NAM
2453,SE,136994,100,M,NAM,NAM
2454,SE,101570,100,M,NAM,NAM
2455,SE,128875,100,M,NAM,NAM
2456,SE,93700,100,M,NAM,NAM
2457,EX,76309,50,L,AS,AS
2458,EN,35093,100,L,EU,EU
2459,SE,183600,100,L,NAM,NAM
2460,SE,100800,100,L,NAM,NAM
2461,MI,49253,100,M,EU,EU
2462,MI,36940,100,M,EU,EU
2463,MI,42026,100,M,EU,EU
2464,MI,31520,100,M,EU,EU
2465,MI,84053,100,M,EU,EU
2466,MI,73546,100,M,EU,EU
2467,MI,98506,100,M,EU,EU
2468,MI,86193,100,M,EU,EU
2469,MI,84053,100,M,EU,EU
2470,MI,73546,100,M,EU,EU
2471,SE,189650,0,M,NAM,NAM
2472,SE,164996,0,M,NAM,NAM
2473,MI,42026,100,M,EU,EU
2474,MI,31520,100,M,EU,EU
2475,MI,92350,100,M,EU,EU
2476,MI,73880,100,M,EU,EU
2477,SE,215300,0,L,NAM,NAM
2478,SE,140400,0,L,NAM,NAM
2479,MI,63040,100,M,EU,EU
2480,MI,47280,100,M,EU,EU
2481,SE,260000,100,M,NAM,NAM
2482,SE,180000,100,M,NAM,NAM
2483,MI,67723,0,M,EU,EU
2484,MI,43096,0,M,EU,EU
2485,MI,63040,100,M,EU,EU
2486,MI,47280,100,M,EU,EU
2487,MI,73880,100,M,EU,EU
2488,MI,55410,100,M,EU,EU
2489,MI,51064,50,L,EU,EU
2490,SE,60000,100,L,NAM,SA
2491,MI,82900,0,M,NAM,NAM
2492,MI,63900,0,M,NAM,NAM
2493,MI,160000,100,L,NAM,NAM
2494,MI,112300,100,L,NAM,NAM
2495,MI,241000,100,M,NAM,NAM
2496,MI,159000,100,M,NAM,NAM
2497,SE,180000,0,M,NAM,NAM
2498,SE,80000,0,M,NAM,NAM
2499,MI,58000,0,S,NAM,NAM
2500,MI,58000,0,S,NAM,NAM
2501,SE,136000,0,M,NAM,NAM
2502,SE,108800,0,M,NAM,NAM
2503,EX,242000,100,M,NAM,NAM
2504,EX,200000,100,M,NAM,NAM
2505,MI,61566,0,M,EU,EU
2506,MI,36940,0,M,EU,EU
2507,MI,73880,0,M,EU,EU
2508,MI,49253,0,M,EU,EU
2509,SE,165220,100,M,NAM,NAM
2510,SE,120160,100,M,NAM,NAM
2511,SE,124190,100,M,NAM,NAM
2512,SE,90320,100,M,NAM,NAM
2513,SE,181940,0,M,NAM,NAM
2514,SE,132320,0,M,NAM,NAM
2515,SE,220110,0,M,NAM,NAM
2516,SE,160080,0,M,NAM,NAM
2517,SE,180000,0,L,NAM,NAM
2518,SE,120000,0,L,NAM,NAM
2519,MI,126500,0,M,NAM,NAM
2520,MI,106260,0,M,NAM,NAM
2521,SE,116000,0,M,NAM,NAM
2522,SE,99000,0,M,NAM,NAM
2523,SE,155000,100,M,NAM,NAM
2524,SE,120600,100,M,NAM,NAM
2525,MI,130000,0,M,NAM,NAM
2526,MI,90000,0,M,NAM,NAM
2527,MI,170000,100,M,NAM,NAM
2528,MI,150000,100,M,NAM,NAM
2529,SE,102100,100,M,NAM,NAM
2530,SE,84900,100,M,NAM,NAM
2531,SE,136620,100,M,NAM,NAM
2532,SE,99360,100,M,NAM,NAM
2533,SE,110820,0,M,EU,EU
2534,SE,98506,0,M,EU,EU
2535,SE,146000,100,M,NAM,NAM
2536,SE,123000,100,M,NAM,NAM
2537,EN,49253,100,M,EU,EU
2538,EN,43096,100,M,EU,EU
2539,EX,130000,100,M,NAM,NAM
2540,EX,110000,100,M,NAM,NAM
2541,SE,170000,100,M,NAM,NAM
2542,SE,135000,100,M,NAM,NAM
2543,SE,161342,100,M,NAM,NAM
2544,SE,137141,100,M,NAM,NAM
2545,SE,167000,100,M,NAM,NAM
2546,SE,123000,100,M,NAM,NAM
2547,SE,73880,0,M,EU,EU
2548,SE,61566,0,M,EU,EU
2549,SE,211500,100,M,NAM,NAM
2550,SE,138600,100,M,NAM,NAM
2551,SE,192400,100,M,NAM,NAM
2552,SE,90700,100,M,NAM,NAM
2553,SE,130000,100,M,NAM,NAM
2554,SE,61300,100,M,NAM,NAM
2555,SE,130000,100,M,NAM,NAM
2556,SE,61300,100,M,NAM,NAM
2557,SE,160000,0,L,NAM,NAM
2558,SE,113000,0,L,NAM,NAM
2559,SE,150000,0,M,NAM,NAM
2560,SE,95550,0,M,NAM,NAM
2561,MI,167000,100,M,NAM,NAM
2562,MI,115500,100,M,NAM,NAM
2563,SE,112900,100,M,NAM,NAM
2564,SE,90320,100,M,NAM,NAM
2565,SE,112900,100,M,NAM,NAM
2566,SE,90320,100,M,NAM,NAM
2567,SE,165400,100,M,NAM,NAM
2568,SE,132320,100,M,NAM,NAM
2569,SE,243900,100,M,NAM,NAM
2570,SE,156600,100,M,NAM,NAM
2571,SE,136600,100,M,NAM,NAM
2572,SE,109280,100,M,NAM,NAM
2573,SE,128875,100,M,NAM,NAM
2574,SE,93700,100,M,NAM,NAM
2575,EX,224000,100,M,NAM,NAM
2576,EX,167875,100,M,NAM,NAM
2577,EX,175000,100,M,NAM,NAM
2578,EX,135000,100,M,NAM,NAM
2579,SE,209100,100,L,NAM,NAM
2580,SE,154600,100,L,NAM,NAM
2581,SE,180000,100,M,NAM,NAM
2582,SE,160000,100,M,NAM,NAM
2583,SE,205300,0,L,NAM,NAM
2584,SE,140400,0,L,NAM,NAM
2585,SE,176000,100,M,NAM,NAM
2586,SE,144000,100,M,NAM,NAM
2587,SE,200100,100,M,NAM,NAM
2588,SE,160000,100,M,NAM,NAM
2589,SE,70500,0,M,NAM,NAM
2590,SE,54000,0,M,NAM,NAM
2591,SE,205300,0,M,NAM,NAM
2592,SE,140400,0,M,NAM,NAM
2593,SE,205300,0,M,NAM,NAM
2594,SE,184700,0,M,NAM,NAM
2595,SE,175100,100,M,NAM,NAM
2596,SE,140250,100,M,NAM,NAM
2597,SE,116150,100,M,NAM,NAM
2598,SE,99050,100,M,NAM,NAM
2599,SE,145000,100,M,NAM,NAM
2600,SE,130000,100,M,NAM,NAM
2601,SE,112900,100,M,NAM,NAM
2602,SE,90320,100,M,NAM,NAM
2603,MI,85000,0,M,NAM,NAM
2604,MI,75000,0,M,NAM,NAM
2605,SE,214000,100,M,NAM,NAM
2606,SE,192600,100,M,NAM,NAM
2607,SE,266400,100,M,NAM,NAM
2608,SE,213120,100,M,NAM,NAM
2609,SE,155000,100,M,NAM,NAM
2610,SE,115000,100,M,NAM,NAM
2611,MI,141300,0,M,NAM,NAM
2612,MI,102100,0,M,NAM,NAM
2613,SE,115934,100,M,NAM,NAM
2614,SE,81666,100,M,NAM,NAM
2615,MI,206699,0,M,NAM,NAM
2616,MI,99100,0,M,NAM,NAM
2617,SE,130000,100,M,NAM,NAM
2618,SE,110500,100,M,NAM,NAM
2619,MI,61566,0,M,EU,EU
2620,MI,43096,0,M,EU,EU
2621,SE,80000,100,M,NAM,NAM
2622,SE,60000,100,M,NAM,NAM
2623,SE,192564,100,M,NAM,NAM
2624,SE,144854,100,M,NAM,NAM
2625,SE,230000,100,M,NAM,NAM
2626,SE,150000,100,M,NAM,NAM
2627,SE,150260,100,M,NAM,NAM
2628,SE,109280,100,M,NAM,NAM
2629,SE,170000,100,M,NAM,NAM
2630,SE,150000,100,M,NAM,NAM
2631,MI,160000,100,M,NAM,NAM
2632,MI,130000,100,M,NAM,NAM
2633,EN,67000,0,M,NAM,NAM
2634,EN,52000,0,M,NAM,NAM
2635,SE,154000,100,M,NAM,NAM
2636,SE,126000,100,M,NAM,NAM
2637,SE,129000,0,M,NAM,NAM
2638,SE,99000,0,M,NAM,NAM
2639,SE,210000,100,M,NAM,NAM
2640,SE,140000,100,M,NAM,NAM
2641,SE,210000,100,M,NAM,NAM
2642,SE,140000,100,M,NAM,NAM
2643,SE,210000,100,M,NAM,NAM
2644,SE,140000,100,M,NAM,NAM
2645,SE,100000,100,M,NAM,NAM
2646,SE,69000,100,M,NAM,NAM
2647,SE,210000,100,M,NAM,NAM
2648,SE,140000,100,M,NAM,NAM
2649,SE,150075,100,M,NAM,NAM
2650,SE,110925,100,M,NAM,NAM
2651,SE,100000,100,M,NAM,NAM
2652,SE,25000,100,M,NAM,NAM
2653,SE,126500,100,M,NAM,NAM
2654,SE,106260,100,M,NAM,NAM
2655,SE,220110,100,M,NAM,NAM
2656,SE,160080,100,M,NAM,NAM
2657,SE,105000,100,M,NAM,NAM
2658,SE,100000,100,M,NAM,NAM
2659,SE,170000,100,M,NAM,NAM
2660,SE,135000,100,M,NAM,NAM
2661,SE,230000,100,M,NAM,NAM
2662,SE,140000,100,M,NAM,NAM
2663,MI,135000,100,M,NAM,NAM
2664,MI,50000,100,M,NAM,NAM
2665,SE,220000,100,M,NAM,NAM
2666,SE,140000,100,M,NAM,NAM
2667,MI,172386,0,M,EU,EU
2668,MI,86193,0,M,EU,EU
2669,SE,220000,100,M,NAM,NAM
2670,SE,120000,100,M,NAM,NAM
2671,MI,200000,100,M,NAM,NAM
2672,MI,120000,100,M,NAM,NAM
2673,SE,120000,100,S,AS,AS
2674,SE,65000,100,S,AS,AS
2675,EX,324000,100,M,NAM,NAM
2676,EX,216000,100,M,NAM,NAM
2677,SE,210000,100,M,NAM,NAM
2678,SE,100000,100,M,NAM,NAM
2679,SE,185100,100,M,NAM,NAM
2680,SE,104890,100,M,NAM,NAM
2681,SE,105000,100,M,NAM,NAM
2682,SE,80000,100,M,NAM,NAM
2683,MI,76814,100,M,NAM,NAM
2684,SE,117104,50,L,NAM,NAM
2685,EX,192037,50,L,NAM,NAM
2686,MI,120000,100,S,NAM,NAM
2687,MI,17805,100,M,AS,AS
2688,MI,30523,100,L,AS,AS
2689,MI,55685,50,L,EU,EU
2690,MI,52533,50,L,EU,EU
2691,EN,17805,100,M,AS,AS
2692,MI,75000,100,L,NAM,SA
2693,MI,157000,100,L,NAM,NAM
2694,MI,69133,50,L,NAM,NAM
2695,EN,65000,100,S,NAM,NAM
2696,SE,68293,100,S,EU,EU
2697,MI,109000,50,L,NAM,NAM
2698,MI,67597,100,M,NAM,NAM
2699,EN,10000,100,M,EU,EU
2700,MI,20000,100,S,EU,EU
2701,SE,102839,100,L,EU,EU
2702,SE,200000,100,M,NAM,AS
2703,EN,51081,100,L,NAM,NAM
2704,MI,78000,100,M,NAM,NAM
2705,SE,135000,100,M,NAM,NAM
2706,SE,115000,100,M,NAM,NAM
2707,MI,83864,100,L,OC,OC
2708,EN,40000,100,L,AS,AS
2709,MI,31520,100,S,EU,EU
2710,SE,59888,100,L,EU,EU
2711,EN,54742,100,L,EU,AS
2712,SE,89306,50,L,EU,EU
2713,EN,83171,50,M,OC,OC
2714,SE,165000,100,M,NAM,NAM
2715,MI,153000,50,M,NAM,NAM
2716,SE,100000,100,M,NAM,SA
2717,SE,76814,100,M,NAM,NAM
2718,MI,33609,100,L,EU,EU
2719,MI,75000,100,S,NAM,NAM
2720,MI,20000,0,S,NAM,NAM
2721,EN,30469,100,M,EU,AF
2722,MI,69999,50,L,EU,EU
2723,EN,55475,100,M,EU,AS
2724,MI,61989,0,L,EU,EU
2725,SE,152500,100,M,NAM,NAM
2726,EN,120000,100,L,NAM,NAM
2727,MI,135000,100,L,NAM,NAM
2728,SE,405000,100,L,NAM,NAM
2729,SE,150000,0,L,NAM,NAM
2730,SE,240000,0,L,NAM,NAM
2731,MI,135000,100,L,NAM,NAM
2732,EN,80000,100,M,NAM,NAM
2733,SE,380000,100,L,NAM,NAM
2734,MI,120402,0,L,EU,EU
2735,SE,177000,100,L,NAM,NAM
2736,MI,65141,100,M,EU,EU
2737,MI,48000,100,S,NAM,AS
2738,MI,48000,100,S,NAM,EU
2739,EN,20000,0,M,AS,AS
2740,SE,220000,0,L,NAM,NAM
2741,MI,77364,50,S,AS,AS
2742,MI,63711,50,S,AS,AS
2743,EN,150000,100,S,OC,OC
2744,MI,90000,100,M,NAM,NAM
2745,MI,100000,100,M,NAM,NAM
2746,EN,100000,0,S,NAM,NAM
2747,EN,100000,50,M,AF,AF
2748,SE,144000,50,L,NAM,NAM
2749,SE,155499,100,M,EU,EU
2750,SE,24000,100,M,SA,SA
2751,MI,38400,100,M,NAM,AS
2752,EN,100000,50,L,NAM,NAM
2753,MI,82500,100,S,NAM,NAM
2754,EN,49646,50,M,EU,EU
2755,SE,40570,50,L,AS,AS
2756,EN,120000,100,M,NAM,NAM
2757,SE,84053,0,M,EU,EU
2758,EN,20000,100,S,AS,AS
2759,EN,125000,0,M,NAM,NAM
2760,MI,9466,0,S,AS,AS
2761,SE,120000,50,S,NAM,NAM
2762,EN,10354,50,M,EU,EU
2763,EN,110037,0,L,EU,EU
2764,EN,21013,100,L,EU,EU
2765,EN,50000,100,M,NAM,NAM
2766,SE,200000,100,M,NAM,NAM
2767,MI,60000,50,M,EU,EU
2768,MI,200000,100,L,NAM,NAM
2769,EN,100000,50,S,AS,AS
2770,MI,100000,100,L,NAM,NAM
2771,SE,82744,50,M,EU,EU
2772,MI,59303,100,S,EU,EU
2773,MI,62649,50,M,EU,EU
2774,MI,82528,100,L,EU,EU
2775,MI,170000,100,L,NAM,NAM
2776,MI,150000,100,L,NAM,NAM
2777,EN,55000,50,S,NAM,NAM
2778,EX,250000,0,L,NAM,NAM
2779,EN,80000,100,L,NAM,NAM
2780,EN,70000,100,L,NAM,NAM
2781,EX,130026,50,M,EU,EU
2782,EN,63831,50,L,EU,EU
2783,SE,68428,100,L,NAM,EU
2784,EX,85000,0,M,AS,AS
2785,EX,85000,0,M,AS,EU
2786,EX,85000,0,M,EU,AS
2787,EX,85000,0,M,EU,EU
2788,EX,230000,50,L,AS,AS
2789,EX,230000,50,L,AS,EU
2790,EX,230000,50,L,EU,AS
2791,EX,230000,50,L,EU,EU
2792,EN,125000,100,S,NAM,NAM
2793,SE,120000,100,M,NAM,NAM
2794,MI,450000,0,M,NAM,NAM
2795,MI,46759,50,L,EU,EU
2796,MI,74130,50,L,EU,EU
2797,SE,127221,50,L,NAM,NAM
2798,SE,144000,100,L,NAM,NAM
2799,EN,13400,100,L,EU,EU
2800,MI,75774,100,L,NAM,NAM
2801,MI,150000,100,M,NAM,NAM
2802,MI,103000,100,L,NAM,NAM
2803,SE,153000,100,L,NAM,NAM
2804,MI,90000,100,L,NAM,NAM
2805,EN,90000,100,S,NAM,NAM
2806,EN,60000,100,S,NAM,NAM
2807,MI,50000,100,L,AF,AF
2808,EN,12000,100,M,NAM,AS
2809,MI,5409,50,M,AS,AS
2810,MI,270000,100,L,NAM,NAM
2811,MI,54238,50,L,NAM,EU
2812,MI,47282,100,S,EU,EU
2813,EX,153667,100,L,EU,EU
2814,MI,28476,100,L,EU,EU
2815,MI,110000,100,L,NAM,NAM
2816,EN,82528,50,L,EU,EU
2817,EN,250000,50,L,NAM,NAM
2818,EN,59102,50,M,EU,EU
2819,SE,80000,100,S,NAM,EU
2820,EN,10000,100,S,AF,AF
2821,EN,138000,100,S,NAM,NAM
2822,MI,140000,100,L,NAM,NAM
2823,SE,79197,100,L,EU,EU
2824,SE,170000,100,L,NAM,NAM
2825,EN,80000,100,M,NAM,NAM
2826,MI,45760,100,S,NAM,AS
2827,MI,100000,100,M,NAM,NAM
2828,SE,53192,50,L,EU,EU
2829,EX,235000,100,L,NAM,NAM
2830,EX,150000,100,L,NAM,AS
2831,EX,79833,50,L,EU,EU
2832,EN,225000,100,L,NAM,NAM
2833,EN,76833,100,S,EU,EU
2834,MI,50180,0,M,EU,EU
2835,SE,88654,100,L,EU,EU
2836,SE,103160,100,S,EU,EU
2837,SE,113476,100,M,EU,EU
2838,SE,94564,50,L,EU,EU
2839,EN,30428,100,L,AS,AS
2840,SE,150000,100,M,NAM,NAM
2841,SE,115000,100,S,NAM,NAM
2842,MI,187442,100,L,NAM,NAM
2843,MI,51519,50,L,EU,EU
2844,MI,106000,100,L,NAM,NAM
2845,MI,112872,50,L,EU,EU
2846,MI,36259,50,L,NAM,EU
2847,SE,150000,100,L,NAM,NAM
2848,EN,15966,100,S,EU,EU
2849,MI,95746,100,S,NAM,EU
2850,EN,70000,100,M,NAM,NAM
2851,MI,76958,100,S,EU,EU
2852,MI,89294,50,L,AS,AS
2853,EN,29751,50,L,AS,AS
2854,SE,276000,0,L,NAM,NAM
2855,SE,188000,100,L,NAM,NAM
2856,SE,160000,100,S,NAM,SA
2857,MI,105000,100,L,NAM,NAM
2858,MI,200000,100,L,NAM,NAM
2859,SE,174000,100,L,NAM,NAM
2860,MI,93000,100,L,NAM,NAM
2861,EN,28399,100,M,AS,AS
2862,SE,60757,50,L,EU,EU
2863,EN,90000,100,S,NAM,NAM
2864,MI,70139,50,L,EU,EU
2865,EN,6072,0,S,AS,AS
2866,SE,33511,0,S,NAM,NAM
2867,SE,170000,100,M,NAM,NAM
2868,SE,96282,50,L,EU,EU
2869,MI,12103,0,M,AS,AS
2870,MI,12103,0,M,AS,EU
2871,MI,12103,0,M,EU,AS
2872,MI,12103,0,M,EU,EU
2873,EN,36643,50,L,EU,EU
2874,MI,72212,50,L,EU,EU
2875,EN,91000,100,L,NAM,NAM
2876,SE,99703,50,M,NAM,NAM
2877,SE,165000,100,L,NAM,NAM
2878,MI,80000,100,L,NAM,NAM
2879,SE,103691,100,L,NAM,NAM
2880,EN,21637,50,M,AS,AS
2881,EN,42000,50,L,EU,EU
2882,MI,115000,0,L,AS,AS
2883,MI,63810,100,M,NAM,NAM
2884,SE,260000,0,S,AS,AS
2885,MI,110000,0,S,NAM,NAM
2886,MI,180000,100,L,NAM,NAM
2887,SE,200000,100,L,NAM,NAM
2888,SE,109024,50,M,EU,EU
2889,SE,200000,100,L,NAM,NAM
2890,SE,256000,100,S,NAM,NAM
2891,MI,110000,100,L,NAM,NAM
2892,MI,79833,0,L,EU,EU
2893,EN,72500,100,L,NAM,NAM
2894,SE,185000,50,L,NAM,NAM
2895,MI,69741,100,L,EU,EU
2896,EN,100000,0,L,AS,EU
2897,MI,112000,100,L,NAM,NAM
2898,SE,150000,50,L,NAM,NAM
2899,SE,20171,50,L,AS,AS
2900,SE,20171,50,L,AS,EU
2901,SE,20171,50,L,EU,AS
2902,SE,20171,50,L,EU,EU
2903,SE,55000,100,L,EU,EU
2904,EN,58000,50,L,NAM,NAM
2905,EN,100000,100,M,NAM,NAM
2906,SE,77684,50,M,EU,EU
2907,EN,85000,100,S,EU,EU
2908,EN,76833,0,L,EU,EU
2909,SE,105000,100,M,NAM,NAM
2910,EN,72000,100,L,NAM,NAM
2911,EN,65013,50,M,EU,EU
2912,MI,28016,100,M,AS,AS
2913,MI,28016,100,M,AS,EU
2914,MI,28016,100,M,EU,AS
2915,MI,28016,100,M,EU,EU
2916,MI,111775,0,M,NAM,NAM
2917,MI,93150,0,M,NAM,NAM
2918,SE,160000,50,S,NAM,NAM
2919,MI,25532,100,S,EU,EU
2920,SE,66265,0,L,AS,AS
2921,MI,16904,100,S,AS,AS
2922,SE,63831,50,L,EU,EU
2923,SE,190000,100,S,NAM,NAM
2924,EX,141846,0,L,EU,EU
2925,EN,16228,100,L,AS,AS
2926,SE,71786,100,M,NAM,NAM
2927,MI,35735,50,L,EU,EU
2928,SE,135000,0,L,NAM,NAM
2929,EN,24823,50,M,EU,EU
2930,SE,54094,50,L,NAM,AS
2931,SE,24342,100,L,AS,AS
2932,EN,9272,100,S,AF,AF
2933,MI,147000,50,L,NAM,NAM
2934,SE,96113,50,L,NAM,NAM
2935,SE,174000,100,L,NAM,NAM
2936,MI,135000,100,L,NAM,NAM
2937,EN,21844,50,M,SA,SA
2938,SE,125000,50,S,OC,OC
2939,EN,51321,0,S,EU,EU
2940,MI,40481,0,L,AS,AS
2941,EX,69741,100,S,EU,EU
2942,SE,50000,100,M,EU,AS
2943,EN,39916,0,M,EU,EU
2944,MI,87000,100,L,NAM,NAM
2945,MI,26005,0,L,NAM,EU
2946,MI,90734,50,L,EU,EU
2947,MI,22611,0,L,AS,AS
2948,MI,5679,100,S,NAM,AS
2949,EN,81000,50,S,NAM,NAM
2950,MI,40038,100,L,SA,SA
2951,EN,90000,100,S,NAM,NAM
2952,MI,61467,50,M,EU,EU
2953,SE,195000,100,M,NAM,NAM
2954,MI,37825,100,L,EU,EU
2955,MI,85000,100,L,NAM,NAM
2956,EX,416000,100,S,NAM,NAM
2957,SE,225000,100,L,NAM,NAM
2958,MI,56256,50,L,EU,EU
2959,MI,33808,0,M,AS,AS
2960,MI,116914,50,L,EU,EU
2961,MI,46597,100,L,EU,EU
2962,MI,8000,50,L,AS,AS
2963,EN,41689,100,S,AS,AS
2964,SE,114047,100,S,EU,EU
2965,MI,88654,100,M,EU,EU
2966,EN,5707,50,M,AS,AS
2967,MI,56000,100,M,NAM,EU
2968,EN,28609,50,S,EU,EU
2969,MI,88654,50,L,EU,EU
2970,MI,6072,100,L,AS,AS
2971,SE,47899,50,L,EU,EU
2972,MI,98000,0,M,NAM,NAM
2973,MI,66022,50,S,EU,AS
2974,MI,56738,50,S,EU,EU
2975,MI,24823,50,L,EU,EU
2976,SE,120000,0,L,NAM,NAM
2977,MI,20000,0,L,NAM,EU
2978,EX,325000,100,L,NAM,NAM
2979,SE,200000,100,L,NAM,NAM
2980,EN,45896,50,S,EU,EU
2981,MI,160000,100,L,NAM,NAM
2982,SE,50000,100,S,NAM,EU
2983,MI,40189,100,M,EU,EU
2984,MI,12901,0,S,SA,SA
2985,SE,165000,0,M,NAM,NAM
2986,EN,5882,0,L,EU,AS
2987,MI,42197,50,S,EU,EU
2988,SE,185000,100,L,NAM,NAM
2989,EN,62726,50,S,EU,EU
2990,MI,90734,50,L,EU,EU
2991,EN,21669,50,S,EU,EU
2992,MI,110000,100,L,NAM,NAM
2993,SE,140000,100,L,NAM,NAM
2994,SE,120000,50,L,NAM,NAM
2995,SE,87738,100,S,NAM,NAM
2996,SE,61896,50,L,EU,EU
2997,MI,12000,50,M,AS,AS
2998,SE,76833,50,S,EU,EU
2999,MI,74000,50,S,AS,AS
3000,SE,152000,100,L,EU,NAM
3001,MI,18000,0,S,EU,EU
3002,SE,60000,100,S,NAM,AS
3003,SE,60000,100,S,NAM,EU
3004,MI,130000,50,L,NAM,NAM
3005,SE,18907,0,M,SA,SA
3006,EN,59102,100,L,EU,EU
3007,SE,173762,100,M,EU,EU
3008,SE,148261,100,M,EU,EU
3009,MI,38776,100,M,EU,EU
3010,MI,46809,100,M,EU,EU
3011,EN,18053,100,S,OC,AS
3012,SE,91237,0,S,EU,EU
3013,MI,62726,50,S,EU,EU
3014,MI,115000,50,L,NAM,NAM
3015,SE,235000,100,L,NAM,NAM
3016,MI,19609,100,L,AS,AS
3017,EN,12000,100,S,NAM,SA
3018,MI,75000,0,L,NAM,NAM
3019,MI,62000,0,L,NAM,NAM
3020,MI,73000,0,L,NAM,NAM
3021,MI,45391,100,L,EU,EU
3022,SE,190200,100,M,NAM,NAM
3023,MI,118000,100,M,NAM,NAM
3024,MI,138350,100,M,NAM,NAM
3025,MI,130800,100,M,NAM,EU
3026,SE,45618,100,S,EU,EU
3027,SE,168000,0,S,AS,AS
3028,MI,119059,100,M,AS,AS
3029,MI,423000,50,L,NAM,NAM
3030,MI,28369,50,L,EU,EU
3031,SE,165000,100,L,NAM,NAM
3032,SE,412000,100,L,NAM,NAM
3033,MI,151000,100,L,NAM,NAM
3034,EN,105000,100,S,NAM,NAM
3035,EN,100000,100,L,NAM,NAM
3036,SE,94665,50,L,AS,AS
